"url2013","url2014","name","code","CIK","sector"
"http://www.sec.gov/Archives/edgar/data/1101215/0001101215-14-000096-index.html","http://www.sec.gov/Archives/edgar/data/1101215/0001101215-15-000099-index.html","Alliance Data Systems","ADS",1101215,"Information Technology"
"http://www.sec.gov/Archives/edgar/data/1326801/0001326801-14-000016-index.html","http://www.sec.gov/Archives/edgar/data/1326801/0001326801-15-000019-index.html","Facebook","FB",1326801,"Information Technology"
"http://www.sec.gov/Archives/edgar/data/851968/0001193125-14-130847-index.html","http://www.sec.gov/Archives/edgar/data/851968/0001193125-15-124294-index.html","Mohawk Industries","MHK",851968,"Consumer Discretionary"
"http://www.sec.gov/Archives/edgar/data/1579241/0001579241-14-000012-index.html","http://www.sec.gov/Archives/edgar/data/1579241/0001579241-15-000008-index.html","Allegion","ALLE",1579241,"Industrials"
"http://www.sec.gov/Archives/edgar/data/1530721/0001193125-14-239196-index.html","http://www.sec.gov/Archives/edgar/data/1530721/0001193125-15-224688-index.html","Michael Kors Holdings","KORS",1530721,"Consumer Discretionary"
"http://www.sec.gov/Archives/edgar/data/1451505/0001047469-14-003721-index.html","http://www.sec.gov/Archives/edgar/data/1451505/0001047469-15-002604-index.html","Transocean","RIG",1451505,"Energy"
"http://www.sec.gov/Archives/edgar/data/1037868/0001193125-14-111396-index.html","http://www.sec.gov/Archives/edgar/data/1037868/0001193125-15-101110-index.html","Ametek","AME",1037868,"Industrials"
"http://www.sec.gov/Archives/edgar/data/875320/0000875320-14-000019-index.html","http://www.sec.gov/Archives/edgar/data/875320/0000875320-15-000025-index.html","Vertex Pharmaceuticals Inc","VRTX",875320,"Health Care"
"http://www.sec.gov/Archives/edgar/data/27904/0001193125-14-193975-index.html","http://www.sec.gov/Archives/edgar/data/27904/0001193125-15-162224-index.html","Delta Air Lines","DAL",27904,"Industrials"
"","","News Corp. Class B","NWS",1564708,"Consumer Discretionary"
"#N/A","http://edgar.sec.gov/Archives/edgar/data/1564708/000119312514359020/0001193125-14-359020-index.htm","News Corp. Class B","NWSA",1564708,"Consumer Discretionary"
"http://www.sec.gov/Archives/edgar/data/1492633/0001193125-14-141404-index.html","http://www.sec.gov/Archives/edgar/data/1492633/000119312515197144/d877688ddefm14a.htm#rom874718_87","Nielsen Holdings","NLSN",1492633,"Industrials"
"http://edgar.sec.gov/Archives/edgar/data/1308161/000119312513352464/0001193125-13-352464-index.htm","http://edgar.sec.gov/Archives/edgar/data/1308161/000119312514355841/0001193125-14-355841-index.htm","Twenty-First Century Fox Class B","FOX",1308161,"Consumer Discretionary"
"http://www.sec.gov/Archives/edgar/data/1555280/0001206774-14-001125-index.html","http://www.sec.gov/Archives/edgar/data/1555280/0001193125-15-099209-index.html","Zoetis","ZTS",1555280,"Health Care"
"http://www.sec.gov/Archives/edgar/data/1467858/0001467858-14-000130-index.html","http://www.sec.gov/Archives/edgar/data/1467858/0001467858-15-000129-index.html","General Motors","GM",1467858,"Consumer Discretionary"
"http://www.sec.gov/Archives/edgar/data/54480/0001193125-14-123520-index.html","http://www.sec.gov/Archives/edgar/data/54480/0001193125-15-120052-index.html","Kansas City Southern","KSU",54480,"Industrials"
"http://www.sec.gov/Archives/edgar/data/912242/0001047469-14-003941-index.html","http://www.sec.gov/Archives/edgar/data/912242/0001047469-15-004452-index.html","Macerich","MAC",912242,"Financials"
"http://www.sec.gov/Archives/edgar/data/872589/0001193125-14-157198-index.html","http://www.sec.gov/Archives/edgar/data/872589/0001047469-15-003736-index.html","Regeneron","REGN",872589,"Health Care"
"http://www.sec.gov/Archives/edgar/data/78239/0001193125-14-203050-index.html","http://www.sec.gov/Archives/edgar/data/78239/0001571049-15-003774-index.html","PVH Corp.","PVH",78239,"Consumer Discretionary"
"http://www.sec.gov/Archives/edgar/data/1551152/0001047469-14-002875-index.html","http://www.sec.gov/Archives/edgar/data/1551152/0001047469-15-002548-index.html","AbbVie","ABBV",1551152,"Health Care"
"http://www.sec.gov/Archives/edgar/data/1521332/0001193125-14-057051-index.html","http://www.sec.gov/Archives/edgar/data/1521332/0001193125-15-083150-index.html","Delphi Automotive","DLPH",1521332,"Consumer Discretionary"
"http://www.sec.gov/Archives/edgar/data/1121788/0001308179-14-000179-index.html","http://www.sec.gov/Archives/edgar/data/1121788/0001308179-15-000139-index.html","Garmin Ltd.","GRMN",1121788,"Consumer Discretionary"
"http://www.sec.gov/Archives/edgar/data/29534/0001047469-14-003591-index.html","http://www.sec.gov/Archives/edgar/data/29534/0001047469-15-003114-index.html","Dollar General","DG",29534,"Consumer Discretionary"
"http://www.sec.gov/Archives/edgar/data/1545158/0001193125-14-099353-index.html","http://www.sec.gov/Archives/edgar/data/1545158/0001193125-15-096211-index.html","Kraft Heinz Co","KHC",1545158,"Consumer Staples"
"http://www.sec.gov/Archives/edgar/data/1103982/0001193125-14-125049-index.html","http://www.sec.gov/Archives/edgar/data/1103982/000119312515107925/d850955ddef14a.htm","Mondelez International","MDLZ",1103982,"Consumer Staples"
"http://www.sec.gov/Archives/edgar/data/1546640/0001193125-14-021473-index.html","http://www.sec.gov/Archives/edgar/data/1546640/0001193125-15-018334-index.html","ADT Corp","ADT",1546640,"Industrials"
"http://www.sec.gov/Archives/edgar/data/77360/0001193125-14-112496-index.html","http://www.sec.gov/Archives/edgar/data/77360/0001193125-15-106668-index.html","Pentair Ltd.","PNR",77360,"Industrials"
"http://www.sec.gov/Archives/edgar/data/1489393/0001193125-14-110654-index.html","http://www.sec.gov/Archives/edgar/data/1489393/0001193125-15-104139-index.html","LyondellBasell","LYB",1489393,"Materials"
"http://www.sec.gov/Archives/edgar/data/314808/0000314808-14-000090-index.html","http://www.sec.gov/Archives/edgar/data/314808/0000314808-15-000081-index.html","Ensco plc","ESV",314808,"Energy"
"http://www.sec.gov/Archives/edgar/data/1137789/000104746913008992/0001047469-13-008992-index.htm","http://www.sec.gov/Archives/edgar/data/1137789/0001047469-14-007344-index.html","Seagate Technology","STX",1137789,"Information Technology"
"http://www.sec.gov/Archives/edgar/data/707549/0001206774-14-002896-index.html","http://www.sec.gov/Archives/edgar/data/707549/0001193125-15-324405-index.htm","Lam Research","LRCX",707549,"Information Technology"
"http://www.sec.gov/Archives/edgar/data/865752/0001104659-14-028837-index.html","http://edgar.sec.gov/Archives/edgar/data/865752/000110465915047264/0001104659-15-047264-index.htm","Monster Beverage","MNST",865752,"Consumer Staples"
"http://www.sec.gov/Archives/edgar/data/899866/0000899866-14-000095-index.html","http://www.sec.gov/Archives/edgar/data/899866/0000899866-15-000091-index.html","Alexion Pharmaceuticals","ALXN",899866,"Health Care"
"http://www.sec.gov/Archives/edgar/data/1506307/0001506307-14-000019-index.html","http://www.sec.gov/Archives/edgar/data/1506307/0001047469-15-002856-index.html","Kinder Morgan","KMI",1506307,"Energy"
"http://www.sec.gov/Archives/edgar/data/1534701/0001193125-14-115477-index.html","http://www.sec.gov/Archives/edgar/data/1534701/0001047469-15-002683-index.html","Phillips 66","PSX",1534701,"Energy"
"http://www.sec.gov/Archives/edgar/data/883569/0001047469-14-003548-index.html","http://www.sec.gov/Archives/edgar/data/883569/0001047469-15-003333-index.html","Fossil, Inc.","FOSL",883569,"Consumer Discretionary"
"http://www.sec.gov/Archives/edgar/data/1051470/0001193125-14-133504-index.html","http://www.sec.gov/Archives/edgar/data/1051470/0001193125-15-120019-index.html","Crown Castle International Corp.","CCI",1051470,"Financials"
"http://www.sec.gov/Archives/edgar/data/1526520/0001193125-14-172025-index.html","http://www.sec.gov/Archives/edgar/data/1526520/0001564590-15-002933-index.html","TripAdvisor","TRIP",1526520,"Consumer Discretionary"
"http://www.sec.gov/Archives/edgar/data/908255/0000908255-14-000022-index.html","http://www.sec.gov/Archives/edgar/data/908255/0000908255-15-000019-index.html","BorgWarner","BWA",908255,"Consumer Discretionary"
"http://www.sec.gov/Archives/edgar/data/935703/0000935703-14-000014-index.html","http://www.sec.gov/Archives/edgar/data/935703/0000935703-15-000041-index.html","Dollar Tree","DLTR",935703,"Consumer Discretionary"
"","http://www.sec.gov/Archives/edgar/data/1585364/0001193125-14-360823-index.html","Perrigo","PRGO",1585364,"Health Care"
"http://www.sec.gov/Archives/edgar/data/1004155/0001193125-14-103399-index.html","http://www.sec.gov/Archives/edgar/data/1004155/0001193125-15-095340-index.html","AGL Resources Inc.","GAS",1004155,"Utilities"
"http://www.sec.gov/Archives/edgar/data/1524472/0001193125-14-111724-index.html","http://www.sec.gov/Archives/edgar/data/1524472/0001193125-15-103294-index.html","Xylem Inc.","XYL",1524472,"Industrials"
"http://www.sec.gov/Archives/edgar/data/1385157/0001047469-14-000196-index.html","http://www.sec.gov/Archives/edgar/data/1385157/0001047469-15-000223-index.html","TE Connectivity Ltd.","TEL",1385157,"Information Technology"
"http://www.sec.gov/Archives/edgar/data/1285785/0001193125-14-126387-index.html","http://www.sec.gov/Archives/edgar/data/1285785/0001193125-15-114968-index.html","The Mosaic Company","MOS",1285785,"Materials"
"http://www.sec.gov/Archives/edgar/data/1467373/0001193125-14-442770-index.html","http://edgar.sec.gov/Archives/edgar/data/1467373/000119312515401534/0001193125-15-401534-index.htm","Accenture plc","ACN",1467373,"Information Technology"
"http://www.sec.gov/Archives/edgar/data/1510295/0001193125-14-104323-index.html","http://www.sec.gov/Archives/edgar/data/1510295/0001193125-15-093926-index.html","Marathon Petroleum","MPC",1510295,"Energy"
"http://www.sec.gov/Archives/edgar/data/1058090/0001193125-14-118566-index.html","http://www.sec.gov/Archives/edgar/data/1058090/0001193125-15-106989-index.html","Chipotle Mexican Grill","CMG",1058090,"Consumer Discretionary"
"http://www.sec.gov/Archives/edgar/data/1364742/0001193125-14-144324-index.html","http://www.sec.gov/Archives/edgar/data/1364742/0001193125-15-135243-index.html","BlackRock","BLK",1364742,"Financials"
"http://www.sec.gov/Archives/edgar/data/1099800/0001047469-14-003130-index.html","http://www.sec.gov/Archives/edgar/data/1099800/0001047469-15-002935-index.html","Edwards Lifesciences","EW",1099800,"Health Care"
"http://www.sec.gov/Archives/edgar/data/1053112/0001193125-14-140490-index.html","http://www.sec.gov/Archives/edgar/data/1053112/0001552781-15-000477-index.html","Cablevision Systems Corp.","CVC",1053112,"Consumer Discretionary"
"http://www.sec.gov/Archives/edgar/data/1048695/0001193125-14-015746-index.html","http://www.sec.gov/Archives/edgar/data/1048695/0001193125-15-012700-index.html","F5 Networks","FFIV",1048695,"Information Technology"
"http://www.sec.gov/Archives/edgar/data/1065280/0001193125-14-163399-index.html","http://www.sec.gov/Archives/edgar/data/1065280/0001065280-15-000020-index.html","Netflix Inc.","NFLX",1065280,"Information Technology"
"http://www.sec.gov/Archives/edgar/data/912750/0000912750-14-000020-index.html","http://www.sec.gov/Archives/edgar/data/912750/0000912750-15-000018-index.html","Newfield Exploration Co","NFX",912750,"Energy"
"http://www.sec.gov/Archives/edgar/data/1466258/0001466258-14-000025-index.html","http://www.sec.gov/Archives/edgar/data/1466258/0001466258-15-000177-index.html","Ingersoll-Rand PLC","IR",1466258,"Industrials"
"http://www.sec.gov/Archives/edgar/data/833444/000119312514007824/0001193125-14-007824-index.htm","http://www.sec.gov/Archives/edgar/data/833444/000119312515006384/0001193125-15-006384-index.htm","Tyco International","TYC",833444,"Industrials"
"http://www.sec.gov/Archives/edgar/data/896159/0001193125-14-129918-index.html","http://www.sec.gov/Archives/edgar/data/896159/0001193125-15-121567-index.html","ACE Limited","ACE",896159,"Financials"
"http://www.sec.gov/Archives/edgar/data/1170010/0001188112-14-001169-index.html","http://www.sec.gov/Archives/edgar/data/1170010/0001571049-15-003569-index.html","Carmax Inc","KMX",1170010,"Consumer Discretionary"
"http://www.sec.gov/Archives/edgar/data/804753/0000804753-14-000010-index.html","http://www.sec.gov/Archives/edgar/data/804753/0000804753-15-000018-index.html","Cerner","CERN",804753,"Health Care"
"http://www.sec.gov/Archives/edgar/data/1039684/0001193125-14-125966-index.html","http://www.sec.gov/Archives/edgar/data/1039684/0001193125-15-115943-index.html","ONEOK","OKE",1039684,"Energy"
"http://www.sec.gov/Archives/edgar/data/1437107/0001193125-14-121588-index.html","http://www.sec.gov/Archives/edgar/data/1437107/0001193125-15-119082-index.html","Discovery Communications-A","DISCA",1437107,"Consumer Discretionary"
"http://www.sec.gov/Archives/edgar/data/1067983/0001193125-14-099027-index.html","http://www.sec.gov/Archives/edgar/data/1067983/0001193125-15-091378-index.html","Berkshire Hathaway","BRK-B",1067983,"Financials"
"http://www.sec.gov/Archives/edgar/data/912615/000119312513136991/d509777ddef14a.htm","http://www.sec.gov/Archives/edgar/data/912615/0001193125-15-116103-index.html","Urban Outfitters","URBN",912615,"Consumer Discretionary"
"http://www.sec.gov/Archives/edgar/data/1013871/0001047469-14-002997-index.html","http://www.sec.gov/Archives/edgar/data/1013871/0001047469-15-002754-index.html","NRG Energy","NRG",1013871,"Utilities"
"http://www.sec.gov/Archives/edgar/data/882835/0001193125-14-152755-index.html","http://www.sec.gov/Archives/edgar/data/882835/0001193125-15-155702-index.html","Roper Industries","ROP",882835,"Industrials"
"http://www.sec.gov/Archives/edgar/data/1452575/0001047469-14-002823-index.html","http://www.sec.gov/Archives/edgar/data/1452575/0001047469-15-002572-index.html","Mead Johnson","MJN",1452575,"Consumer Staples"
"http://www.sec.gov/Archives/edgar/data/745732/0001206774-14-001164-index.html","http://www.sec.gov/Archives/edgar/data/745732/0001206774-15-001198-index.html","Ross Stores","ROST",745732,"Consumer Discretionary"
"http://www.sec.gov/Archives/edgar/data/1403161/000119312513473409/d534496ddef14a.htm","http://www.sec.gov/Archives/edgar/data/1403161/0001193125-14-441290-index.html","Visa Inc.","V",1403161,"Information Technology"
"http://www.sec.gov/Archives/edgar/data/1075531/0001075531-14-000018-index.html","http://www.sec.gov/Archives/edgar/data/1075531/0001075531-15-000023-index.html","Priceline.com Inc","PCLN",1075531,"Consumer Discretionary"
"http://www.sec.gov/Archives/edgar/data/1274494/0001193125-14-137066-index.html","http://www.sec.gov/Archives/edgar/data/1274494/0001193125-15-122834-index.html","First Solar Inc","FSLR",1274494,"Information Technology"
"http://www.sec.gov/Archives/edgar/data/815556/0000815556-14-000019-index.html","http://www.sec.gov/Archives/edgar/data/815556/0000815556-15-000020-index.html","Fastenal Co","FAST",815556,"Industrials"
"http://www.sec.gov/Archives/edgar/data/804212/0001193125-14-261808-index.html","http://edgar.sec.gov/Archives/edgar/data/804212/000119312515242428/0001193125-15-242428-index.htm","Airgas Inc","ARG",804212,"Materials"
"http://www.sec.gov/Archives/edgar/data/37785/0001308179-14-000074-index.html","http://www.sec.gov/Archives/edgar/data/37785/0001308179-15-000066-index.html","FMC Corporation","FMC",37785,"Materials"
"http://www.sec.gov/Archives/edgar/data/1087423/0001193125-14-249099-index.html","http://edgar.sec.gov/Archives/edgar/data/1087423/000119312515233373/0001193125-15-233373-index.htm","Red Hat Inc.","RHT",1087423,"Information Technology"
"http://www.sec.gov/Archives/edgar/data/1050915/0001193125-14-137757-index.html","http://www.sec.gov/Archives/edgar/data/1050915/0001193125-15-123588-index.html","Quanta Services Inc.","PWR",1050915,"Industrials"
"http://www.sec.gov/Archives/edgar/data/106040/000119312513382437/0001193125-13-382437-index.htm","http://www.sec.gov/Archives/edgar/data/106040/0001193125-14-350255-index.html","Western Digital","WDC",106040,"Information Technology"
"http://www.sec.gov/Archives/edgar/data/1135152/0001193125-14-127513-index.html","http://www.sec.gov/Archives/edgar/data/1135152/0001193125-15-119639-index.html","FMC Technologies Inc.","FTI",1135152,"Energy"
"http://www.sec.gov/Archives/edgar/data/1377013/0001193125-14-167273-index.html","http://www.sec.gov/Archives/edgar/data/1377013/0001193125-15-192092-index.html","Time Warner Cable Inc.","TWC",1377013,"Consumer Discretionary"
"http://www.sec.gov/Archives/edgar/data/898173/0000898173-14-000076-index.html","http://www.sec.gov/Archives/edgar/data/898173/0000898173-15-000099-index.html","O'Reilly Automotive","ORLY",898173,"Consumer Discretionary"
"http://www.sec.gov/Archives/edgar/data/48465/0001104659-14-087273-index.html","http://www.sec.gov/Archives/edgar/data/48465/0001104659-15-085148-index.htm","Hormel Foods Corp.","HRL",48465,"Consumer Staples"
"http://www.sec.gov/Archives/edgar/data/740260/0000740260-14-000086-index.html","http://www.sec.gov/Archives/edgar/data/740260/0000740260-15-000082-index.html","Ventas Inc","VTR",740260,"Financials"
"http://www.sec.gov/Archives/edgar/data/949039/0001193125-14-126103-index.html","http://www.sec.gov/Archives/edgar/data/949039/0001193125-15-117666-index.html","Diamond Offshore Drilling","DO",949039,"Energy"
"http://www.sec.gov/Archives/edgar/data/766704/0001193125-14-109291-index.html","http://www.sec.gov/Archives/edgar/data/766704/0001193125-15-107965-index.html","Welltower Inc.","HCN",766704,"Financials"
"http://www.sec.gov/Archives/edgar/data/1020569/0001047469-14-003768-index.html","http://www.sec.gov/Archives/edgar/data/1020569/0001047469-15-003454-index.html","Iron Mountain Incorporated","IRM",1020569,"Industrials"
"http://www.sec.gov/Archives/edgar/data/354908/0000354908-14-000027-index.html","http://www.sec.gov/Archives/edgar/data/354908/0000354908-15-000019-index.html","FLIR Systems","FLIR",354908,"Industrials"
"http://www.sec.gov/Archives/edgar/data/812074/0001047469-14-003200-index.html","http://www.sec.gov/Archives/edgar/data/812074/0001047469-15-003097-index.html","Owens-Illinois Inc","OI",812074,"Materials"
"http://www.sec.gov/Archives/edgar/data/754737/0001193125-14-112009-index.html","http://www.sec.gov/Archives/edgar/data/754737/0001193125-15-101165-index.html","SCANA Corp","SCG",754737,"Utilities"
"http://www.sec.gov/Archives/edgar/data/33213/0001104659-14-017052-index.html","http://www.sec.gov/Archives/edgar/data/33213/0001104659-15-012588-index.html","EQT Corporation","EQT",33213,"Energy"
"http://www.sec.gov/Archives/edgar/data/1060391/0001193125-14-116469-index.html","http://www.sec.gov/Archives/edgar/data/1060391/0001193125-15-116942-index.html","Republic Services Inc","RSG",1060391,"Industrials"
"http://www.sec.gov/Archives/edgar/data/1115222/0001047469-14-003158-index.html","http://www.sec.gov/Archives/edgar/data/1115222/0001047469-15-002722-index.html","Dun & Bradstreet","DNB",1115222,"Industrials"
"http://www.sec.gov/Archives/edgar/data/861878/0001193125-14-139917-index.html","http://www.sec.gov/Archives/edgar/data/861878/0001193125-15-135339-index.html","Stericycle Inc","SRCL",861878,"Industrials"
"http://www.sec.gov/Archives/edgar/data/1174922/0001193125-14-122519-index.html","http://www.sec.gov/Archives/edgar/data/1174922/000119312515070011/d874875dpre14a.htm#toc874875_39","Wynn Resorts Ltd","WYNN",1174922,"Consumer Discretionary"
"http://www.sec.gov/Archives/edgar/data/818479/0000818479-14-000008-index.html","http://www.sec.gov/Archives/edgar/data/818479/0000818479-15-000009-index.html","Dentsply International","XRAY",818479,"Health Care"
"http://www.sec.gov/Archives/edgar/data/1378946/0001193125-14-087853-index.html","http://www.sec.gov/Archives/edgar/data/1378946/0001193125-15-075044-index.html","People's United Financial","PBCT",1378946,"Financials"
"http://www.sec.gov/Archives/edgar/data/91419/000119312513280390/d549953ddef14a.htm","http://www.sec.gov/Archives/edgar/data/91419/0001193125-14-258368-index.html","Smucker (J.M.)","SJM",91419,"Consumer Staples"
"http://www.sec.gov/Archives/edgar/data/783325/0001193125-14-108401-index.html","http://www.sec.gov/Archives/edgar/data/783325/0001193125-15-105820-index.html","Wisconsin Energy Corporation","WEC",783325,"Utilities"
"http://www.sec.gov/Archives/edgar/data/1120193/0001193125-14-118705-index.html","http://www.sec.gov/Archives/edgar/data/1120193/0001193125-15-109429-index.html","NASDAQ OMX Group","NDAQ",1120193,"Financials"
"http://www.sec.gov/Archives/edgar/data/1418135/0001104659-14-021992-index.html","http://www.sec.gov/Archives/edgar/data/1418135/0001047469-15-002946-index.html","Dr Pepper Snapple Group","DPS",1418135,"Consumer Staples"
"http://www.sec.gov/Archives/edgar/data/30625/0001308179-14-000163-index.html","http://www.sec.gov/Archives/edgar/data/30625/0001308179-15-000125-index.html","Flowserve Corporation","FLS",30625,"Industrials"
"http://www.sec.gov/Archives/edgar/data/820313/0001047469-14-004233-index.html","http://www.sec.gov/Archives/edgar/data/820313/0001047469-15-003671-index.html","Amphenol Corp A","APH",820313,"Industrials"
"http://www.sec.gov/Archives/edgar/data/1038357/0001038357-14-000027-index.html","http://www.sec.gov/Archives/edgar/data/1038357/0001038357-15-000024-index.html","Pioneer Natural Resources","PXD",1038357,"Energy"
"http://www.sec.gov/Archives/edgar/data/202058/000119312513362881/d573145ddef14a.htm","http://www.sec.gov/Archives/edgar/data/202058/000119312514336856/d766906ddef14a.htm","Harris Corporation","HRS",202058,"Information Technology"
"http://www.sec.gov/Archives/edgar/data/1108524/000119312513207740/d506610ddef14a.htm","http://www.sec.gov/Archives/edgar/data/1108524/0001193125-15-142107-index.html","Salesforce.com","CRM",1108524,"Information Technology"
"http://www.sec.gov/Archives/edgar/data/1324404/0001047469-14-003385-index.html","http://www.sec.gov/Archives/edgar/data/1324404/0001047469-15-003137-index.html","CF Industries Holdings Inc","CF",1324404,"Materials"
"http://www.sec.gov/Archives/edgar/data/914208/0001193125-14-123861-index.html","http://www.sec.gov/Archives/edgar/data/914208/0001193125-15-109372-index.html","Invesco Ltd.","IVZ",914208,"Financials"
"http://www.sec.gov/Archives/edgar/data/927066/0001193125-14-163315-index.html","http://www.sec.gov/Archives/edgar/data/927066/0001047469-15-004140-index.html","DaVita Inc.","DVA",927066,"Health Care"
"http://www.sec.gov/Archives/edgar/data/1141391/0001141391-14-000009-index.html","http://www.sec.gov/Archives/edgar/data/1141391/0001141391-15-000021-index.html","Mastercard Inc.","MA",1141391,"Information Technology"
"http://www.sec.gov/Archives/edgar/data/1430602/0001193125-14-128841-index.html","http://www.sec.gov/Archives/edgar/data/1430602/0001193125-15-115806-index.html","Scripps Networks Interactive Inc.","SNI",1430602,"Consumer Discretionary"
"http://www.sec.gov/Archives/edgar/data/858470/0001308179-14-000071-index.html","http://www.sec.gov/Archives/edgar/data/858470/0001308179-15-000046-index.html","Cabot Oil & Gas","COG",858470,"Energy"
"http://www.sec.gov/Archives/edgar/data/7332/0001193125-14-132789-index.html","http://www.sec.gov/Archives/edgar/data/7332/0001193125-15-120018-index.html","Southwestern Energy","SWN",7332,"Energy"
"http://www.sec.gov/Archives/edgar/data/1035267/0001035267-14-000034-index.html","http://www.sec.gov/Archives/edgar/data/1035267/0001035267-15-000032-index.html","Intuitive Surgical Inc.","ISRG",1035267,"Health Care"
"http://www.sec.gov/Archives/edgar/data/765880/0001104659-14-021350-index.html","http://www.sec.gov/Archives/edgar/data/765880/0001104659-15-020253-index.html","HCP Inc.","HCP",765880,"Financials"
"http://www.sec.gov/Archives/edgar/data/1413329/0001193125-14-117410-index.html","http://www.sec.gov/Archives/edgar/data/1413329/0001193125-15-105808-index.html","Philip Morris International","PM",1413329,"Consumer Staples"
"http://www.sec.gov/Archives/edgar/data/941548/0001047469-14-003304-index.html","http://www.sec.gov/Archives/edgar/data/941548/0001047469-15-002854-index.html","Cameron International Corp.","CAM",941548,"Energy"
"http://www.sec.gov/Archives/edgar/data/721683/0001193125-14-101205-index.html","http://www.sec.gov/Archives/edgar/data/721683/0001193125-15-092351-index.html","Total System Services","TSS",721683,"Information Technology"
"http://www.sec.gov/Archives/edgar/data/315852/0001308179-14-000147-index.html","http://www.sec.gov/Archives/edgar/data/315852/0001308179-15-000120-index.html","Range Resources Corp.","RRC",315852,"Energy"
"http://www.sec.gov/Archives/edgar/data/1326380/0001445305-14-002042-index.html","http://www.sec.gov/Archives/edgar/data/1326380/0001326380-15-000102-index.html","GameStop Corp.","GME",1326380,"Consumer Discretionary"
"http://www.sec.gov/Archives/edgar/data/1053507/0001193125-14-130757-index.html","http://www.sec.gov/Archives/edgar/data/1053507/0001193125-15-123562-index.html","American Tower Corp A","AMT",1053507,"Financials"
"http://www.sec.gov/Archives/edgar/data/1135971/0001571049-14-000929-index.html","http://www.sec.gov/Archives/edgar/data/1135971/000157104915008495/0001571049-15-008495-index.htm","Pepco Holdings Inc.","POM",1135971,"Utilities"
"http://www.sec.gov/Archives/edgar/data/52988/0001193125-14-441035-index.html","http://www.sec.gov/Archives/edgar/data/52988/0001193125-15-404836-index.htm","Jacobs Engineering Group","JEC",52988,"Industrials"
"http://www.sec.gov/Archives/edgar/data/746515/0000746515-14-000006-index.html","http://www.sec.gov/Archives/edgar/data/746515/0001193125-15-124328-index.html","Expeditors Int'l","EXPD",746515,"Industrials"
"http://www.sec.gov/Archives/edgar/data/72207/0001193125-14-110817-index.html","http://www.sec.gov/Archives/edgar/data/72207/0000072207-15-000018-index.html","Noble Energy Inc","NBL",72207,"Energy"
"http://www.sec.gov/Archives/edgar/data/1324424/0001193125-14-163328-index.html","http://www.sec.gov/Archives/edgar/data/1324424/0001193125-15-162368-index.html","Expedia Inc.","EXPE",1324424,"Consumer Discretionary"
"http://www.sec.gov/Archives/edgar/data/816761/0001193125-14-086354-index.html","http://www.sec.gov/Archives/edgar/data/816761/0001193125-15-078975-index.html","Teradata Corp.","TDC",816761,"Information Technology"
"http://www.sec.gov/Archives/edgar/data/50104/0001193125-14-105460-index.html","http://www.sec.gov/Archives/edgar/data/50104/0001193125-15-102387-index.html","Tesoro Petroleum Co.","TSO",50104,"Energy"
"http://www.sec.gov/Archives/edgar/data/1571949/0001193125-14-124105-index.html","http://www.sec.gov/Archives/edgar/data/1571949/0001193125-15-111989-index.html","Intercontinental Exchange","ICE",1571949,"Financials"
"http://www.sec.gov/Archives/edgar/data/827054/0000827054-14-000170-index.html","http://edgar.sec.gov/Archives/edgar/data/827054/000082705415000125/0000827054-15-000125-index.htm","Microchip Technology","MCHP",827054,"Information Technology"
"http://www.sec.gov/Archives/edgar/data/96223/0000930413-14-001565-index.html","http://www.sec.gov/Archives/edgar/data/96223/0000930413-15-001647-index.html","Leucadia National Corp.","LUK",96223,"Financials"
"http://www.sec.gov/Archives/edgar/data/1086222/0001193125-14-128020-index.html","http://www.sec.gov/Archives/edgar/data/1086222/0001193125-15-117953-index.html","Akamai Technologies Inc","AKAM",1086222,"Information Technology"
"http://www.sec.gov/Archives/edgar/data/79958/000119312513282923/0001193125-13-282923-index.htm","http://www.sec.gov/Archives/edgar/data/79958/0001193125-14-260875-index.html","Precision Castparts","PCP",79958,"Industrials"
"http://www.sec.gov/Archives/edgar/data/1267238/0001193125-14-114495-index.html","http://www.sec.gov/Archives/edgar/data/1267238/0001193125-15-103267-index.html","Assurant Inc","AIZ",1267238,"Financials"
"http://www.sec.gov/Archives/edgar/data/1070750/0001193125-14-131116-index.html","http://www.sec.gov/Archives/edgar/data/1070750/0001193125-15-119643-index.html","Host Hotels & Resorts","HST",1070750,"Financials"
"http://www.sec.gov/Archives/edgar/data/203527/0001193125-14-002283-index.html","http://www.sec.gov/Archives/edgar/data/203527/000119312514456296/d837594ddef14a.htm#toc837594_28","Varian Medical Systems","VAR",203527,"Health Care"
"http://www.sec.gov/Archives/edgar/data/1037038/000119312513282801/d560706ddef14a.htm","http://www.sec.gov/Archives/edgar/data/1037038/0001193125-14-251224-index.html","Polo Ralph Lauren Corp.","RL",1037038,"Consumer Discretionary"
"http://www.sec.gov/Archives/edgar/data/915912/0001571049-14-001114-index.html","http://www.sec.gov/Archives/edgar/data/915912/0001571049-15-002689-index.html","AvalonBay Communities, Inc.","AVB",915912,"Financials"
"http://www.sec.gov/Archives/edgar/data/1018724/0001193125-14-137728-index.html","http://www.sec.gov/Archives/edgar/data/1018724/0001193125-15-144712-index.html","Amazon.com Inc","AMZN",1018724,"Consumer Discretionary"
"http://www.sec.gov/Archives/edgar/data/896878/0000896878-14-000197-index.html","http://www.sec.gov/Archives/edgar/data/896878/0000896878-15-000156-index.htm","Intuit Inc.","INTU",896878,"Information Technology"
"http://www.sec.gov/Archives/edgar/data/723125/000072312513000259/a2013proxy.htm","http://www.sec.gov/Archives/edgar/data/723125/000072312514000223/a2014definitiveproxy.htm","Micron Technology","MU",723125,"Information Technology"
"http://www.sec.gov/Archives/edgar/data/813828/0001047469-14-003726-index.html","http://www.sec.gov/Archives/edgar/data/813828/0001047469-15-003386-index.html","CBS Corp.","CBS",813828,"Consumer Discretionary"
"http://www.sec.gov/Archives/edgar/data/92380/0001193125-14-130453-index.html","http://www.sec.gov/Archives/edgar/data/92380/0001193125-15-119343-index.html","Southwest Airlines","LUV",92380,"Industrials"
"http://www.sec.gov/Archives/edgar/data/731766/0001047469-14-004091-index.html","http://www.sec.gov/Archives/edgar/data/731766/0001047469-15-003782-index.html","United Health Group Inc.","UNH",731766,"Health Care"
"http://www.sec.gov/Archives/edgar/data/789019/000119312513390306/d559701ddef14a.htm","http://www.sec.gov/Archives/edgar/data/789019/000119312514376415/d694241ddef14a.htm","Microsoft Corp.","MSFT",789019,"Information Technology"
"http://www.sec.gov/Archives/edgar/data/91576/0001193125-14-130839-index.html","http://www.sec.gov/Archives/edgar/data/91576/0001193125-15-120784-index.html","KeyCorp","KEY",91576,"Financials"
"http://www.sec.gov/Archives/edgar/data/5513/0001193125-14-136312-index.html","http://www.sec.gov/Archives/edgar/data/5513/0001193125-15-123530-index.html","Unum Group","UNM",5513,"Financials"
"http://www.sec.gov/Archives/edgar/data/915389/0001193125-14-109755-index.html","http://www.sec.gov/Archives/edgar/data/915389/0001193125-15-104274-index.html","Eastman Chemical","EMN",915389,"Materials"
"http://www.sec.gov/Archives/edgar/data/858877/0001193125-14-359030-index.html","http://www.sec.gov/Archives/edgar/data/858877/0001193125-15-333996-index.htm","Cisco Systems","CSCO",858877,"Information Technology"
"http://www.sec.gov/Archives/edgar/data/909832/000090983213000007/0000909832-13-000007-index.htm","http://www.sec.gov/Archives/edgar/data/909832/0000909832-14-000028-index.html","Costco Co.","COST",909832,"Consumer Staples"
"http://www.sec.gov/Archives/edgar/data/51644/0001193125-14-139627-index.html","http://www.sec.gov/Archives/edgar/data/51644/0001193125-15-125239-index.html","Interpublic Group","IPG",51644,"Consumer Discretionary"
"http://www.sec.gov/Archives/edgar/data/884905/0001193125-14-095747-index.html","http://www.sec.gov/Archives/edgar/data/884905/0001193125-15-095444-index.html","Praxair Inc.","PX",884905,"Materials"
"http://www.sec.gov/Archives/edgar/data/318154/0001193125-14-129786-index.html","http://www.sec.gov/Archives/edgar/data/318154/0001193125-15-117873-index.html","Amgen Inc","AMGN",318154,"Health Care"
"http://www.sec.gov/Archives/edgar/data/1002910/0001193125-14-093616-index.html","http://www.sec.gov/Archives/edgar/data/1002910/0001193125-15-089253-index.html","Ameren Corp","AEE",1002910,"Utilities"
"http://www.sec.gov/Archives/edgar/data/101778/0001104659-14-017391-index.html","http://www.sec.gov/Archives/edgar/data/101778/0001047469-15-002402-index.html","Marathon Oil Corp.","MRO",101778,"Energy"
"http://www.sec.gov/Archives/edgar/data/769397/0001206774-14-001360-index.html","http://www.sec.gov/Archives/edgar/data/769397/0001206774-15-001415-index.html","Autodesk Inc","ADSK",769397,"Information Technology"
"http://www.sec.gov/Archives/edgar/data/203077/0000897101-14-000361-index.html","http://www.sec.gov/Archives/edgar/data/203077/0001047469-15-002694-index.html","St Jude Medical","STJ",203077,"Health Care"
"http://www.sec.gov/Archives/edgar/data/1341439/000119312513373325/0001193125-13-373325-index.htm","http://www.sec.gov/Archives/edgar/data/1341439/0001193125-14-350236-index.html","Oracle Corp.","ORCL",1341439,"Information Technology"
"http://www.sec.gov/Archives/edgar/data/814453/0001193125-14-128984-index.html","http://www.sec.gov/Archives/edgar/data/814453/0001193125-15-115627-index.html","Newell Rubbermaid Co.","NWL",814453,"Consumer Discretionary"
"http://www.sec.gov/Archives/edgar/data/320335/0001193125-14-100370-index.html","http://www.sec.gov/Archives/edgar/data/320335/0001193125-15-095693-index.html","Torchmark Corp.","TMK",320335,"Financials"
"http://www.sec.gov/Archives/edgar/data/31462/0001047469-14-002792-index.html","http://www.sec.gov/Archives/edgar/data/31462/0001047469-15-002537-index.html","Ecolab Inc.","ECL",31462,"Materials"
"http://www.sec.gov/Archives/edgar/data/320187/000032018713000114/0000320187-13-000114-index.htm","http://www.sec.gov/Archives/edgar/data/320187/0000320187-14-000099-index.html","Nike","NKE",320187,"Consumer Discretionary"
"http://www.sec.gov/Archives/edgar/data/831001/0001206774-14-000849-index.html","http://www.sec.gov/Archives/edgar/data/831001/0001206774-15-000923-index.html","Citigroup Inc.","C",831001,"Financials"
"http://www.sec.gov/Archives/edgar/data/750556/0001552781-14-000177-index.html","http://www.sec.gov/Archives/edgar/data/750556/0001193125-15-092485-index.html","SunTrust Banks","STI",750556,"Financials"
"http://www.sec.gov/Archives/edgar/data/713676/0001308179-14-000059-index.html","http://www.sec.gov/Archives/edgar/data/713676/0001193125-15-094734-index.html","PNC Financial Services","PNC",713676,"Financials"
"http://www.sec.gov/Archives/edgar/data/354950/0001193125-14-133653-index.html","http://www.sec.gov/Archives/edgar/data/354950/0001193125-15-119986-index.html","Home Depot","HD",354950,"Consumer Discretionary"
"http://www.sec.gov/Archives/edgar/data/8818/0001047469-14-001934-index.html","http://www.sec.gov/Archives/edgar/data/8818/0001047469-15-002024-index.html","Avery Dennison Corp","AVY",8818,"Materials"
"http://www.sec.gov/Archives/edgar/data/62709/0001193125-14-121425-index.html","http://www.sec.gov/Archives/edgar/data/62709/0001193125-15-109622-index.html","Marsh & McLennan","MMC",62709,"Financials"
"http://www.sec.gov/Archives/edgar/data/356028/0000356028-14-000091-index.html","http://www.sec.gov/Archives/edgar/data/356028/0000356028-15-000122-index.html","CA, Inc.","CA",356028,"Information Technology"
"http://www.sec.gov/Archives/edgar/data/96021/000130817913000316/lsysco2013_def14a.htm","http://www.sec.gov/Archives/edgar/data/96021/0001308179-14-000263-index.html","Sysco Corp.","SYY",96021,"Consumer Staples"
"http://www.sec.gov/Archives/edgar/data/12659/000119312513307413/0001193125-13-307413-index.htm","http://www.sec.gov/Archives/edgar/data/12659/000119312514281575/0001193125-14-281575-index.htm","Block H&R","HRB",12659,"Financials"
"http://www.sec.gov/Archives/edgar/data/64670/000119312513288819/d550270ddef14a.htm","http://www.sec.gov/Archives/edgar/data/64670/000119312514265948/d740758ddef14a.htm","Medtronic plc","MDT",64670,"Health Care"
"http://www.sec.gov/Archives/edgar/data/39911/0001193125-14-134797-index.html","http://www.sec.gov/Archives/edgar/data/39911/0001193125-15-121255-index.html","Gap (The)","GPS",39911,"Consumer Discretionary"
"http://www.sec.gov/Archives/edgar/data/72333/0001308179-14-000104-index.html","http://www.sec.gov/Archives/edgar/data/72333/0001308179-15-000080-index.html","Nordstrom","JWN",72333,"Consumer Discretionary"
"http://www.sec.gov/Archives/edgar/data/53669/000119312513466163/d629458ddef14a.htm","http://www.sec.gov/Archives/edgar/data/53669/0001193125-14-436496-index.html","Johnson Controls","JCI",53669,"Consumer Discretionary"
"http://www.sec.gov/Archives/edgar/data/49826/0001193125-14-110559-index.html","http://www.sec.gov/Archives/edgar/data/49826/0001193125-15-099536-index.html","Illinois Tool Works","ITW",49826,"Industrials"
"http://www.sec.gov/Archives/edgar/data/76334/000119312513374255/0001193125-13-374255-index.htm","http://www.sec.gov/Archives/edgar/data/76334/000119312514347866/d765538ddef14a.htm#toc765538_48","Parker-Hannifin","PH",76334,"Industrials"
"http://www.sec.gov/Archives/edgar/data/29905/0001193125-14-106631-index.html","http://www.sec.gov/Archives/edgar/data/29905/0001193125-15-106066-index.html","Dover Corp.","DOV",29905,"Industrials"
"http://www.sec.gov/Archives/edgar/data/109198/0001193125-14-157068-index.html","http://www.sec.gov/Archives/edgar/data/109198/0001193125-15-146401-index.html","TJX Companies Inc.","TJX",109198,"Consumer Discretionary"
"http://www.sec.gov/Archives/edgar/data/1130310/0001193125-14-100128-index.html","http://www.sec.gov/Archives/edgar/data/1130310/0001193125-15-091435-index.html","CenterPoint Energy","CNP",1130310,"Utilities"
"http://www.sec.gov/Archives/edgar/data/1133421/0001133421-14-000013-index.html","http://www.sec.gov/Archives/edgar/data/1133421/0001193125-15-120112-index.html","Northrop Grumman Corp.","NOC",1133421,"Industrials"
"http://www.sec.gov/Archives/edgar/data/31791/0001193125-14-094761-index.html","http://www.sec.gov/Archives/edgar/data/31791/0001193125-15-086408-index.html","PerkinElmer","PKI",31791,"Health Care"
"http://www.sec.gov/Archives/edgar/data/2969/000119312513472574/0001193125-13-472574-index.htm","http://www.sec.gov/Archives/edgar/data/2969/0001193125-14-434928-index.html","Air Products & Chemicals Inc","APD",2969,"Materials"
"http://www.sec.gov/Archives/edgar/data/73309/0001193125-14-114117-index.html","http://www.sec.gov/Archives/edgar/data/73309/0001193125-15-106608-index.html","Nucor Corp.","NUE",73309,"Materials"
"http://www.sec.gov/Archives/edgar/data/9389/0001047469-14-002237-index.html","http://www.sec.gov/Archives/edgar/data/9389/0001047469-15-002230-index.html","Ball Corp","BLL",9389,"Materials"
"http://www.sec.gov/Archives/edgar/data/46080/0001193125-14-133614-index.html","http://www.sec.gov/Archives/edgar/data/46080/0001193125-15-119686-index.html","Hasbro Inc.","HAS",46080,"Consumer Discretionary"
"http://www.sec.gov/Archives/edgar/data/936468/0001308179-14-000062-index.html","http://www.sec.gov/Archives/edgar/data/936468/0001206774-15-000892-index.html","Lockheed Martin Corp.","LMT",936468,"Industrials"
"http://www.sec.gov/Archives/edgar/data/4447/0001193125-14-118664-index.html","http://www.sec.gov/Archives/edgar/data/4447/0001193125-15-117888-index.html","Hess Corporation","HES",4447,"Energy"
"http://www.sec.gov/Archives/edgar/data/822416/0001193125-14-118501-index.html","http://www.sec.gov/Archives/edgar/data/822416/0001193125-15-105074-index.html","Pulte Homes Inc.","PHM",822416,"Consumer Discretionary"
"http://www.sec.gov/Archives/edgar/data/60667/0001193125-14-141985-index.html","http://www.sec.gov/Archives/edgar/data/60667/0001193125-15-126919-index.html","Lowe's Cos.","LOW",60667,"Consumer Discretionary"
"http://www.sec.gov/Archives/edgar/data/732717/0001193125-14-093532-index.html","http://www.sec.gov/Archives/edgar/data/732717/0001193125-15-085123-index.html","AT&T Inc","T",732717,"Telecommunications Services"
"http://www.sec.gov/Archives/edgar/data/732712/0001193125-14-102273-index.html","http://www.sec.gov/Archives/edgar/data/732712/0001193125-15-101695-index.html","Verizon Communications","VZ",732712,"Telecommunications Services"
"http://www.sec.gov/Archives/edgar/data/701985/0001193125-14-116565-index.html","http://www.sec.gov/Archives/edgar/data/701985/0001193125-15-126058-index.html","L Brands Inc.","LB",701985,"Consumer Discretionary"
"http://www.sec.gov/Archives/edgar/data/23217/000119312513330002/d573023ddef14a.htm","http://www.sec.gov/Archives/edgar/data/23217/000119312514301964/d769088ddef14a.htm","ConAgra Foods Inc.","CAG",23217,"Consumer Staples"
"http://www.sec.gov/Archives/edgar/data/797468/0001308179-14-000089-index.html","http://www.sec.gov/Archives/edgar/data/797468/0001193125-15-103404-index.html","Occidental Petroleum","OXY",797468,"Energy"
"http://www.sec.gov/Archives/edgar/data/85961/0000085961-14-000019-index.html","http://www.sec.gov/Archives/edgar/data/85961/0000085961-15-000024-index.html","Ryder System","R",85961,"Industrials"
"http://www.sec.gov/Archives/edgar/data/320193/0001193125-14-008074-index.html","http://www.sec.gov/Archives/edgar/data/320193/0001193125-15-017607-index.html","Apple Inc.","AAPL",320193,"Information Technology"
"http://www.sec.gov/Archives/edgar/data/14693/0001193125-14-250578-index.html","http://edgar.sec.gov/Archives/edgar/data/14693/000119312515231899/0001193125-15-231899-index.htm","Brown-Forman Corporation","BF-B",14693,"Consumer Staples"
"http://www.sec.gov/Archives/edgar/data/91440/0001193125-14-091980-index.html","http://www.sec.gov/Archives/edgar/data/91440/0001193125-15-087642-index.html","Snap-On Inc.","SNA",91440,"Consumer Discretionary"
"http://www.sec.gov/Archives/edgar/data/93556/0001206774-14-000824-index.html","http://www.sec.gov/Archives/edgar/data/93556/0001206774-15-000793-index.html","Stanley Black & Decker","SWK",93556,"Consumer Discretionary"
"http://www.sec.gov/Archives/edgar/data/104169/000130817913000238/0001308179-13-000238-index.htm","http://www.sec.gov/Archives/edgar/data/104169/000130817914000196/0001308179-14-000196-index.htm","Wal-Mart Stores","WMT",104169,"Consumer Staples"
"http://www.sec.gov/Archives/edgar/data/63276/0001193125-14-127583-index.html","http://www.sec.gov/Archives/edgar/data/63276/0001193125-15-123925-index.html","Mattel Inc.","MAT",63276,"Consumer Discretionary"
"http://www.sec.gov/Archives/edgar/data/7084/0001193125-14-109409-index.html","http://www.sec.gov/Archives/edgar/data/7084/0001193125-15-109440-index.html","Archer-Daniels-Midland Co","ADM",7084,"Consumer Staples"
"http://www.sec.gov/Archives/edgar/data/277135/0001047469-14-002345-index.html","http://www.sec.gov/Archives/edgar/data/277135/0001047469-15-002102-index.html","Grainger (W.W.) Inc.","GWW",277135,"Industrials"
"http://www.sec.gov/Archives/edgar/data/62996/0001193125-14-120890-index.html","http://www.sec.gov/Archives/edgar/data/62996/0001193125-15-117378-index.html","Masco Corp.","MAS",62996,"Industrials"
"http://www.sec.gov/Archives/edgar/data/8670/0001206774-14-002915-index.html","http://www.sec.gov/Archives/edgar/data/8670/0001206774-15-003107-index.htm","Automatic Data Processing","ADP",8670,"Information Technology"
"http://www.sec.gov/Archives/edgar/data/1048911/000104746913008361/0001047469-13-008361-index.htm","http://www.sec.gov/Archives/edgar/data/1048911/0001206774-14-002572-index.html","FedEx Corporation","FDX",1048911,"Industrials"
"http://www.sec.gov/Archives/edgar/data/75362/0001193125-14-099028-index.html","http://www.sec.gov/Archives/edgar/data/75362/0001193125-15-084529-index.html","PACCAR Inc.","PCAR",75362,"Industrials"
"http://www.sec.gov/Archives/edgar/data/5272/0001193125-14-123974-index.html","http://www.sec.gov/Archives/edgar/data/5272/0001193125-15-111737-index.html","American International Group, Inc.","AIG",5272,"Financials"
"http://www.sec.gov/Archives/edgar/data/1124198/0001047469-14-002146-index.html","http://www.sec.gov/Archives/edgar/data/1124198/0001047469-15-001857-index.html","Fluor Corp.","FLR",1124198,"Industrials"
"http://www.sec.gov/Archives/edgar/data/103379/0001193125-14-110286-index.html","http://www.sec.gov/Archives/edgar/data/103379/0001193125-15-097633-index.html","V.F. Corp.","VFC",103379,"Consumer Discretionary"
"http://www.sec.gov/Archives/edgar/data/70318/0001193125-14-121718-index.html","http://www.sec.gov/Archives/edgar/data/70318/0001193125-15-109538-index.html","Tenet Healthcare Corp.","THC",70318,"Health Care"
"http://www.sec.gov/Archives/edgar/data/217346/0001193125-14-085931-index.html","http://www.sec.gov/Archives/edgar/data/217346/0001193125-15-076501-index.html","Textron Inc.","TXT",217346,"Industrials"
"http://www.sec.gov/Archives/edgar/data/50863/0001193125-14-128308-index.html","http://www.sec.gov/Archives/edgar/data/50863/0001193125-15-116412-index.html","Intel Corp.","INTC",50863,"Information Technology"
"http://www.sec.gov/Archives/edgar/data/27419/0001308179-14-000217-index.html","http://www.sec.gov/Archives/edgar/data/27419/0001308179-15-000165-index.html","Target Corp.","TGT",27419,"Consumer Discretionary"
"http://www.sec.gov/Archives/edgar/data/1122304/0001193125-14-148633-index.html","http://www.sec.gov/Archives/edgar/data/1122304/0001193125-15-118890-index.html","Aetna Inc","AET",1122304,"Health Care"
"http://www.sec.gov/Archives/edgar/data/4962/0001193125-14-109894-index.html","http://www.sec.gov/Archives/edgar/data/4962/0001308179-15-000090-index.html","American Express Co","AXP",4962,"Financials"
"http://www.sec.gov/Archives/edgar/data/70858/0001193125-14-117856-index.html","http://www.sec.gov/Archives/edgar/data/70858/0001193125-15-106302-index.html","Bank of America Corp","BAC",70858,"Financials"
"http://www.sec.gov/Archives/edgar/data/20171/0001193125-14-100076-index.html","http://www.sec.gov/Archives/edgar/data/20171/0001193125-15-091229-index.html","Chubb Corp.","CB",20171,"Financials"
"http://www.sec.gov/Archives/edgar/data/701221/0001047469-14-002404-index.html","http://www.sec.gov/Archives/edgar/data/701221/0001047469-15-002143-index.html","CIGNA Corp.","CI",701221,"Health Care"
"http://www.sec.gov/Archives/edgar/data/1001039/0001206774-14-000306-index.html","http://www.sec.gov/Archives/edgar/data/1001039/0001047469-15-000275-index.html","The Walt Disney Company","DIS",1001039,"Consumer Discretionary"
"http://www.sec.gov/Archives/edgar/data/1326160/0001047469-14-002690-index.html","http://www.sec.gov/Archives/edgar/data/1326160/0001047469-15-002795-index.html","Duke Energy","DUK",1326160,"Utilities"
"http://www.sec.gov/Archives/edgar/data/59558/0000950159-14-000185-index.html","http://www.sec.gov/Archives/edgar/data/59558/0000950159-15-000100-index.html","Lincoln National","LNC",59558,"Financials"
"http://www.sec.gov/Archives/edgar/data/753308/0001193125-14-131759-index.html","http://www.sec.gov/Archives/edgar/data/753308/0001193125-15-105108-index.html","NextEra Energy","NEE",753308,"Utilities"
"http://www.sec.gov/Archives/edgar/data/24545/0001047469-14-003921-index.html","http://www.sec.gov/Archives/edgar/data/24545/0000024545-15-000012-index.html","Molson Coors Brewing Company","TAP",24545,"Consumer Staples"
"http://www.sec.gov/Archives/edgar/data/72971/0001193125-14-104276-index.html","http://www.sec.gov/Archives/edgar/data/72971/0001193125-15-095584-index.html","Wells Fargo","WFC",72971,"Financials"
"http://www.sec.gov/Archives/edgar/data/51253/0001193125-14-113315-index.html","http://www.sec.gov/Archives/edgar/data/51253/0001193125-15-096222-index.html","Intl Flavors & Fragrances","IFF",51253,"Materials"
"http://www.sec.gov/Archives/edgar/data/39899/0001193125-14-101161-index.html","http://www.sec.gov/Archives/edgar/data/39899/0001193125-15-093753-index.html","Tegna","TGNA",39899,"Consumer Discretionary"
"http://www.sec.gov/Archives/edgar/data/9892/0001193125-14-099396-index.html","http://www.sec.gov/Archives/edgar/data/9892/0001193125-15-090721-index.html","Bard (C.R.) Inc.","BCR",9892,"Health Care"
"http://www.sec.gov/Archives/edgar/data/19617/0000019617-14-000321-index.html","http://www.sec.gov/Archives/edgar/data/19617/0000019617-15-000296-index.html","JPMorgan Chase & Co.","JPM",19617,"Financials"
"http://www.sec.gov/Archives/edgar/data/107263/0001193125-14-140575-index.html","http://www.sec.gov/Archives/edgar/data/107263/0001193125-15-126126-index.html","Williams Cos.","WMB",107263,"Energy"
"http://www.sec.gov/Archives/edgar/data/47217/0001047469-14-000517-index.html","http://www.sec.gov/Archives/edgar/data/47217/0001193125-15-028338-index.html","HP Inc.","HPQ",47217,"Information Technology"
"http://www.sec.gov/Archives/edgar/data/40987/0001193125-14-071185-index.html","http://www.sec.gov/Archives/edgar/data/40987/0001193125-15-064177-index.html","Genuine Parts","GPC",40987,"Consumer Discretionary"
"http://www.sec.gov/Archives/edgar/data/200406/0001193125-14-094846-index.html","http://www.sec.gov/Archives/edgar/data/200406/0001193125-15-086512-index.html","Johnson & Johnson","JNJ",200406,"Health Care"
"http://www.sec.gov/Archives/edgar/data/10456/0001193125-14-109172-index.html","http://www.sec.gov/Archives/edgar/data/10456/0001193125-15-104161-index.html","Baxter International Inc.","BAX",10456,"Health Care"
"http://www.sec.gov/Archives/edgar/data/10795/0001193125-14-446265-index.html","http://www.sec.gov/Archives/edgar/data/10795/0001193125-15-405657-index.htm","Becton Dickinson","BDX",10795,"Health Care"
"http://www.sec.gov/Archives/edgar/data/59478/0000059478-14-000090-index.html","http://www.sec.gov/Archives/edgar/data/59478/0000059478-15-000120-index.html","Lilly (Eli) & Co.","LLY",59478,"Health Care"
"http://www.sec.gov/Archives/edgar/data/63908/0001193125-14-140308-index.html","http://www.sec.gov/Archives/edgar/data/63908/0001193125-15-125315-index.html","McDonald's Corp.","MCD",63908,"Consumer Discretionary"
"http://www.sec.gov/Archives/edgar/data/1164727/0001193125-14-086876-index.html","http://www.sec.gov/Archives/edgar/data/1164727/0001193125-15-078993-index.html","Newmont Mining Corp. (Hldg. Co.)","NEM",1164727,"Materials"
"http://www.sec.gov/Archives/edgar/data/21076/000120677413003468/0001206774-13-003468-index.htm","http://www.sec.gov/Archives/edgar/data/21076/000120677414002939/0001206774-14-002939-index.htm","The Clorox Company","CLX",21076,"Consumer Staples"
"http://www.sec.gov/Archives/edgar/data/40704/0001308179-14-000244-index.html","http://www.sec.gov/Archives/edgar/data/40704/0001308179-15-000182-index.htm","General Mills","GIS",40704,"Consumer Staples"
"http://www.sec.gov/Archives/edgar/data/277948/0001308179-14-000090-index.html","http://www.sec.gov/Archives/edgar/data/277948/0001193125-15-106021-index.html","CSX Corp.","CSX",277948,"Industrials"
"http://www.sec.gov/Archives/edgar/data/26172/0001047469-14-003126-index.html","http://www.sec.gov/Archives/edgar/data/26172/0001047469-15-002905-index.html","Cummins Inc.","CMI",26172,"Industrials"
"http://www.sec.gov/Archives/edgar/data/32604/000095013813000542/emersonproxystatement2014.htm","http://www.sec.gov/Archives/edgar/data/32604/0000032604-14-000052-index.html","Emerson Electric Company","EMR",32604,"Industrials"
"http://www.sec.gov/Archives/edgar/data/87347/0001193125-14-047750-index.html","http://www.sec.gov/Archives/edgar/data/87347/0001193125-15-053345-index.html","Schlumberger Ltd.","SLB",87347,"Energy"
"http://www.sec.gov/Archives/edgar/data/89800/0001193125-14-085695-index.html","http://www.sec.gov/Archives/edgar/data/89800/0001193125-15-074361-index.html","Sherwin-Williams","SHW",89800,"Materials"
"http://www.sec.gov/Archives/edgar/data/1090872/0001206774-14-000404-index.html","http://www.sec.gov/Archives/edgar/data/1090872/0001206774-15-000411-index.html","Agilent Technologies Inc","A",1090872,"Health Care"
"http://www.sec.gov/Archives/edgar/data/4281/0001193125-14-102971-index.html","http://www.sec.gov/Archives/edgar/data/4281/0001193125-15-097953-index.html","Alcoa Inc","AA",4281,"Materials"
"http://www.sec.gov/Archives/edgar/data/1140859/0001047469-14-000332-index.html","http://www.sec.gov/Archives/edgar/data/1140859/0001047469-15-000370-index.html","AmerisourceBergen Corp","ABC",1140859,"Health Care"
"http://www.sec.gov/Archives/edgar/data/1800/0001047469-14-002418-index.html","http://www.sec.gov/Archives/edgar/data/1800/0001047469-15-002178-index.html","Abbott Laboratories","ABT",1800,"Health Care"
"http://www.sec.gov/Archives/edgar/data/796343/0000796343-14-000014-index.html","http://www.sec.gov/Archives/edgar/data/796343/0000796343-15-000064-index.html","Adobe Systems Inc","ADBE",796343,"Information Technology"
"http://www.sec.gov/Archives/edgar/data/6281/0001193125-14-027483-index.html","http://www.sec.gov/Archives/edgar/data/6281/0001193125-15-024609-index.html","Analog Devices, Inc.","ADI",6281,"Information Technology"
"http://www.sec.gov/Archives/edgar/data/4904/0001193125-14-094797-index.html","http://www.sec.gov/Archives/edgar/data/4904/0001193125-15-088316-index.html","American Electric Power","AEP",4904,"Utilities"
"http://www.sec.gov/Archives/edgar/data/874761/0000874761-14-000021-index.html","http://www.sec.gov/Archives/edgar/data/874761/0000874761-15-000014-index.html","AES Corp","AES",874761,"Utilities"
"http://www.sec.gov/Archives/edgar/data/4977/0001206774-14-000936-index.html","http://www.sec.gov/Archives/edgar/data/4977/0001206774-15-000930-index.html","AFLAC Inc","AFL",4977,"Financials"
"http://www.sec.gov/Archives/edgar/data/922864/0000922864-14-000016-index.html","http://www.sec.gov/Archives/edgar/data/922864/0001193125-15-089732-index.html","Apartment Investment & Mgmt","AIV",922864,"Financials"
"http://www.sec.gov/Archives/edgar/data/899051/0001047469-14-003512-index.html","http://www.sec.gov/Archives/edgar/data/899051/0001047469-15-003212-index.html","Allstate Corp","ALL",899051,"Financials"
"http://www.sec.gov/Archives/edgar/data/768251/0000768251-14-000011-index.html","http://www.sec.gov/Archives/edgar/data/768251/0000768251-15-000012-index.html","Altera Corp","ALTR",768251,"Information Technology"
"http://www.sec.gov/Archives/edgar/data/6951/0001193125-14-015967-index.html","http://www.sec.gov/Archives/edgar/data/6951/0001193125-15-052859-index.html","Applied Materials Inc","AMAT",6951,"Information Technology"
"http://www.sec.gov/Archives/edgar/data/820027/0001047469-14-002531-index.html","http://www.sec.gov/Archives/edgar/data/820027/0001047469-15-002534-index.html","Ameriprise Financial","AMP",820027,"Financials"
"http://www.sec.gov/Archives/edgar/data/350698/0000350698-14-000041-index.html","http://www.sec.gov/Archives/edgar/data/350698/0000350698-15-000078-index.html","AutoNation Inc","AN",350698,"Consumer Discretionary"
"http://www.sec.gov/Archives/edgar/data/1156039/0001193125-14-126150-index.html","http://www.sec.gov/Archives/edgar/data/1156039/0001193125-15-116169-index.html","Anthem Inc.","ANTM",1156039,"Health Care"
"http://www.sec.gov/Archives/edgar/data/315293/0001047469-14-004271-index.html","http://www.sec.gov/Archives/edgar/data/315293/0001047469-15-003904-index.html","Aon plc","AON",315293,"Financials"
"http://www.sec.gov/Archives/edgar/data/6769/0001193125-14-127066-index.html","http://www.sec.gov/Archives/edgar/data/6769/0001308179-15-000105-index.html","Apache Corporation","APA",6769,"Energy"
"http://www.sec.gov/Archives/edgar/data/773910/0001193125-14-110525-index.html","http://www.sec.gov/Archives/edgar/data/773910/0001193125-15-100571-index.html","Anadarko Petroleum Corp","APC",773910,"Energy"
"http://www.sec.gov/Archives/edgar/data/866787/0001193125-14-383286-index.html","http://www.sec.gov/Archives/edgar/data/866787/0001193125-15-353413-index.htm","AutoZone Inc","AZO",866787,"Consumer Discretionary"
"http://www.sec.gov/Archives/edgar/data/12927/0001193125-14-099755-index.html","http://www.sec.gov/Archives/edgar/data/12927/0001193125-15-090972-index.html","Boeing Company","BA",12927,"Industrials"
"http://www.sec.gov/Archives/edgar/data/886158/0001171843-14-002684-index.html","http://www.sec.gov/Archives/edgar/data/886158/0001171843-15-003199-index.html","Bed Bath & Beyond","BBBY",886158,"Consumer Discretionary"
"http://www.sec.gov/Archives/edgar/data/92230/0001193125-14-102351-index.html","http://www.sec.gov/Archives/edgar/data/92230/0001193125-15-093618-index.html","BB&T Corporation","BBT",92230,"Financials"
"http://www.sec.gov/Archives/edgar/data/764478/0000764478-14-000014-index.html","http://www.sec.gov/Archives/edgar/data/764478/0000764478-15-000020-index.html","Best Buy Co. Inc.","BBY",764478,"Consumer Discretionary"
"http://www.sec.gov/Archives/edgar/data/38777/0001193125-14-018070-index.html","http://www.sec.gov/Archives/edgar/data/38777/0001193125-15-016945-index.html","Franklin Resources","BEN",38777,"Financials"
"http://www.sec.gov/Archives/edgar/data/808362/0000808362-14-000010-index.html","http://www.sec.gov/Archives/edgar/data/808362/0000808362-15-000011-index.html","Baker Hughes Inc","BHI",808362,"Energy"
"http://www.sec.gov/Archives/edgar/data/875045/0001193125-14-169472-index.html","http://www.sec.gov/Archives/edgar/data/875045/0001193125-15-159387-index.html","BIOGEN IDEC Inc.","BIIB",875045,"Health Care"
"http://www.sec.gov/Archives/edgar/data/1390777/0001193125-14-089204-index.html","http://www.sec.gov/Archives/edgar/data/1390777/0001193125-15-091383-index.html","The Bank of New York Mellon Corp.","BK",1390777,"Financials"
"http://www.sec.gov/Archives/edgar/data/14272/0001047469-14-002630-index.html","http://www.sec.gov/Archives/edgar/data/14272/0001047469-15-002651-index.html","Bristol-Myers Squibb","BMY",14272,"Health Care"
"http://www.sec.gov/Archives/edgar/data/1054374/0001193125-14-121360-index.html","http://www.sec.gov/Archives/edgar/data/1054374/0001193125-15-107337-index.html","Broadcom Corporation","BRCM",1054374,"Information Technology"
"http://www.sec.gov/Archives/edgar/data/885725/0001047469-14-002942-index.html","http://www.sec.gov/Archives/edgar/data/885725/0001047469-15-002648-index.html","Boston Scientific","BSX",885725,"Health Care"
"http://www.sec.gov/Archives/edgar/data/1037540/0001193125-14-130085-index.html","http://www.sec.gov/Archives/edgar/data/1037540/0001193125-15-116358-index.html","Boston Properties","BXP",1037540,"Financials"
"http://www.sec.gov/Archives/edgar/data/721371/000072137113000170/0000721371-13-000170-index.htm","http://www.sec.gov/Archives/edgar/data/721371/000072137114000214/0000721371-14-000214-index.htm","Cardinal Health Inc.","CAH",721371,"Health Care"
"http://www.sec.gov/Archives/edgar/data/18230/0000018230-14-000144-index.html","http://www.sec.gov/Archives/edgar/data/18230/0000018230-15-000154-index.html","Caterpillar Inc.","CAT",18230,"Industrials"
"http://www.sec.gov/Archives/edgar/data/1138118/0001193125-14-125971-index.html","http://www.sec.gov/Archives/edgar/data/1138118/0001193125-15-116101-index.html","CBRE Group","CBG",1138118,"Financials"
"http://www.sec.gov/Archives/edgar/data/1491675/0001491675-14-000014-index.html","http://www.sec.gov/Archives/edgar/data/1491675/0001491675-15-000008-index.html","Coca-Cola Enterprises","CCE",1491675,"Consumer Staples"
"http://www.sec.gov/Archives/edgar/data/815097/0001193125-14-087964-index.html","http://www.sec.gov/Archives/edgar/data/815097/0001193125-15-077952-index.html","Carnival Corp.","CCL",815097,"Consumer Discretionary"
"http://www.sec.gov/Archives/edgar/data/816284/0001193125-14-162835-index.html","http://www.sec.gov/Archives/edgar/data/816284/0001571049-15-003353-index.html","Celgene Corp.","CELG",816284,"Health Care"
"http://www.sec.gov/Archives/edgar/data/895126/0001193125-14-172155-index.html","http://www.sec.gov/Archives/edgar/data/895126/0001193125-15-125220-index.html","Chesapeake Energy","CHK",895126,"Energy"
"http://www.sec.gov/Archives/edgar/data/1043277/0001193125-14-120361-index.html","http://www.sec.gov/Archives/edgar/data/1043277/0001193125-15-108590-index.html","C. H. Robinson Worldwide","CHRW",1043277,"Industrials"
"http://www.sec.gov/Archives/edgar/data/20286/0001144204-14-014046-index.html","http://www.sec.gov/Archives/edgar/data/20286/0001144204-15-016908-index.html","Cincinnati Financial","CINF",20286,"Financials"
"http://www.sec.gov/Archives/edgar/data/21665/0000930413-14-001425-index.html","http://www.sec.gov/Archives/edgar/data/21665/0000930413-15-001423-index.html","Colgate-Palmolive","CL",21665,"Consumer Staples"
"http://www.sec.gov/Archives/edgar/data/28412/0001193125-14-092773-index.html","http://www.sec.gov/Archives/edgar/data/28412/0001193125-15-094725-index.html","Comerica Inc.","CMA",28412,"Financials"
"http://www.sec.gov/Archives/edgar/data/1166691/0001193125-14-140732-index.html","http://www.sec.gov/Archives/edgar/data/1166691/0001193125-15-125659-index.html","Comcast A Corp","CMCSA",1166691,"Consumer Discretionary"
"http://www.sec.gov/Archives/edgar/data/1156375/0001193125-14-129728-index.html","http://www.sec.gov/Archives/edgar/data/1156375/0001193125-15-123672-index.html","CME Group Inc.","CME",1156375,"Financials"
"http://www.sec.gov/Archives/edgar/data/811156/0001047469-14-003434-index.html","http://www.sec.gov/Archives/edgar/data/811156/0000811156-15-000030-index.html","CMS Energy","CMS",811156,"Utilities"
"http://www.sec.gov/Archives/edgar/data/811156/0001047469-14-003434-index.html","http://www.sec.gov/Archives/edgar/data/811156/0000811156-15-000030-index.html","CMS Energy","DFS",811156,"Utilities"
"http://www.sec.gov/Archives/edgar/data/1070412/0001193125-14-121520-index.html","http://www.sec.gov/Archives/edgar/data/1070412/0001193125-15-105061-index.html","CONSOL Energy Inc.","CNX",1070412,"Energy"
"http://www.sec.gov/Archives/edgar/data/927628/0001193125-14-104514-index.html","http://www.sec.gov/Archives/edgar/data/927628/0001193125-15-095393-index.html","Capital One Financial","COF",927628,"Financials"
"http://www.sec.gov/Archives/edgar/data/1116132/0001206774-14-002935-index.html","http://www.sec.gov/Archives/edgar/data/1116132/0001567619-15-001265-index.htm","Coach Inc.","COH",1116132,"Consumer Discretionary"
"http://www.sec.gov/Archives/edgar/data/1137411/000113741113000206/col_12x18x13xproxyxmasterx.htm","http://www.sec.gov/Archives/edgar/data/1137411/0001137411-14-000119-index.html","Rockwell Collins","COL",1137411,"Industrials"
"http://www.sec.gov/Archives/edgar/data/1163165/0001193125-14-119770-index.html","http://www.sec.gov/Archives/edgar/data/1163165/0001104659-15-023250-index.html","ConocoPhillips","COP",1163165,"Energy"
"http://www.sec.gov/Archives/edgar/data/16732/0001193125-14-360923-index.html","http://www.sec.gov/Archives/edgar/data/16732/0001193125-15-341359-index.htm","Campbell Soup","CPB",16732,"Consumer Staples"
"http://www.sec.gov/Archives/edgar/data/723254/000072325413000015/proxyfy13.htm","http://www.sec.gov/Archives/edgar/data/723254/000072325414000024/proxyfy14.htm","Cintas Corporation","CTAS",723254,"Industrials"
"http://www.sec.gov/Archives/edgar/data/18926/0001193125-14-145331-index.html","http://www.sec.gov/Archives/edgar/data/18926/0001193125-15-122358-index.html","CenturyLink Inc","CTL",18926,"Telecommunications Services"
"http://www.sec.gov/Archives/edgar/data/1058290/0001193125-14-147379-index.html","http://www.sec.gov/Archives/edgar/data/1058290/0001193125-15-143370-index.html","Cognizant Technology Solutions","CTSH",1058290,"Information Technology"
"http://www.sec.gov/Archives/edgar/data/877890/0001206774-14-001207-index.html","http://www.sec.gov/Archives/edgar/data/877890/0001193125-15-135063-index.html","Citrix Systems","CTXS",877890,"Information Technology"
"http://www.sec.gov/Archives/edgar/data/64803/0001193125-14-119961-index.html","http://www.sec.gov/Archives/edgar/data/64803/0001206774-15-001037-index.html","CVS Caremark Corp.","CVS",64803,"Consumer Staples"
"http://www.sec.gov/Archives/edgar/data/93410/0001193125-14-138322-index.html","http://www.sec.gov/Archives/edgar/data/93410/0001193125-15-123775-index.html","Chevron Corp.","CVX",93410,"Energy"
"http://www.sec.gov/Archives/edgar/data/715957/0001193125-14-116473-index.html","http://www.sec.gov/Archives/edgar/data/715957/0001193125-15-101701-index.html","Dominion Resources","D",715957,"Utilities"
"http://www.sec.gov/Archives/edgar/data/30554/0001047469-14-002402-index.html","http://www.sec.gov/Archives/edgar/data/30554/000104746915002338/a2223550zprer14a.htm#fe48101_2014_summary_compensation_table","Du Pont (E.I.)","DD",30554,"Materials"
"http://www.sec.gov/Archives/edgar/data/315189/0001206774-14-000114-index.html","http://www.sec.gov/Archives/edgar/data/315189/0001206774-15-000125-index.html","Deere & Co.","DE",315189,"Industrials"
"http://www.sec.gov/Archives/edgar/data/1022079/0000930413-14-001646-index.html","http://www.sec.gov/Archives/edgar/data/1022079/0000930413-15-001724-index.html","Quest Diagnostics","DGX",1022079,"Health Care"
"http://www.sec.gov/Archives/edgar/data/882184/0001193125-14-445557-index.html","http://www.sec.gov/Archives/edgar/data/882184/0001193125-15-400363-index.htm","D. R. Horton","DHI",882184,"Consumer Discretionary"
"http://www.sec.gov/Archives/edgar/data/313616/0001193125-14-126581-index.html","http://www.sec.gov/Archives/edgar/data/313616/0001193125-15-107929-index.html","Danaher Corp.","DHR",313616,"Industrials"
"http://www.sec.gov/Archives/edgar/data/29915/0001193125-14-121344-index.html","http://www.sec.gov/Archives/edgar/data/29915/0001193125-15-109360-index.html","Dow Chemical","DOW",29915,"Materials"
"http://www.sec.gov/Archives/edgar/data/940944/0000940944-14-000084-index.html","http://edgar.sec.gov/Archives/edgar/data/940944/000119312515278310/0001193125-15-278310-index.htm","Darden Restaurants","DRI",940944,"Consumer Discretionary"
"http://www.sec.gov/Archives/edgar/data/936340/0000936340-14-000025-index.html","http://www.sec.gov/Archives/edgar/data/936340/0000936340-15-000048-index.html","DTE Energy Co.","DTE",936340,"Utilities"
"http://www.sec.gov/Archives/edgar/data/1090012/0001193125-14-151016-index.html","http://www.sec.gov/Archives/edgar/data/1090012/0001193125-15-138467-index.html","Devon Energy Corp.","DVN",1090012,"Energy"
"http://www.sec.gov/Archives/edgar/data/712515/000119312513259589/d510167ddef14a.htm","http://www.sec.gov/Archives/edgar/data/712515/0001193125-14-236264-index.html","Electronic Arts","EA",712515,"Information Technology"
"http://www.sec.gov/Archives/edgar/data/1065088/000119312514112751/d661450ddefc14a.htm#toc661450_28","http://www.sec.gov/Archives/edgar/data/1065088/0001206774-15-000964-index.html","eBay Inc.","EBAY",1065088,"Information Technology"
"http://www.sec.gov/Archives/edgar/data/1047862/0001193125-14-135626-index.html","http://www.sec.gov/Archives/edgar/data/1047862/0001193125-15-120042-index.html","Consolidated Edison","ED",1047862,"Utilities"
"http://www.sec.gov/Archives/edgar/data/33185/0001193125-14-104438-index.html","http://www.sec.gov/Archives/edgar/data/33185/0001308179-15-000071-index.html","Equifax Inc.","EFX",33185,"Financials"
"http://www.sec.gov/Archives/edgar/data/827052/0001206774-14-000881-index.html","http://www.sec.gov/Archives/edgar/data/827052/0001206774-15-000897-index.html","Edison Int'l","EIX",827052,"Utilities"
"http://www.sec.gov/Archives/edgar/data/1001250/000104746913009333/a2216589zdef14a.htm","http://www.sec.gov/Archives/edgar/data/1001250/0001047469-14-007841-index.html","Estee Lauder Cos.","EL",1001250,"Consumer Staples"
"http://www.sec.gov/Archives/edgar/data/790070/0000790070-14-000044-index.html","http://www.sec.gov/Archives/edgar/data/790070/0000790070-15-000072-index.html","EMC Corp.","EMC",790070,"Information Technology"
"http://www.sec.gov/Archives/edgar/data/821189/0001193125-14-116726-index.html","http://www.sec.gov/Archives/edgar/data/821189/0001193125-15-098865-index.html","EOG Resources","EOG",821189,"Energy"
"http://www.sec.gov/Archives/edgar/data/906107/0001193125-14-147679-index.html","http://www.sec.gov/Archives/edgar/data/906107/0001193125-15-140129-index.html","Equity Residential","EQR",906107,"Financials"
"http://www.sec.gov/Archives/edgar/data/72741/0001206774-14-000957-index.html","http://www.sec.gov/Archives/edgar/data/72741/0001206774-15-000884-index.html","Eversource Energy","ES",72741,"Utilities"
"http://www.sec.gov/Archives/edgar/data/1532063/0001193125-14-114387-index.html","http://www.sec.gov/Archives/edgar/data/1532063/0001193125-15-103240-index.html","Express Scripts","ESRX",1532063,"Health Care"
"http://www.sec.gov/Archives/edgar/data/1015780/0001193125-14-113320-index.html","http://www.sec.gov/Archives/edgar/data/1015780/0001193125-15-104089-index.html","E*Trade","ETFC",1015780,"Financials"
"http://www.sec.gov/Archives/edgar/data/1551182/0001193125-14-098534-index.html","http://www.sec.gov/Archives/edgar/data/1551182/0001193125-15-090070-index.html","Eaton Corporation","ETN",1551182,"Industrials"
"http://www.sec.gov/Archives/edgar/data/65984/0000065984-14-000105-index.html","http://www.sec.gov/Archives/edgar/data/65984/0000065984-15-000126-index.html","Entergy Corp.","ETR",65984,"Utilities"
"http://www.sec.gov/Archives/edgar/data/1109357/0001193125-14-128137-index.html","http://www.sec.gov/Archives/edgar/data/1109357/0001193125-15-098237-index.html","Exelon Corp.","EXC",1109357,"Utilities"
"http://www.sec.gov/Archives/edgar/data/37996/0001047469-14-003150-index.html","http://www.sec.gov/Archives/edgar/data/37996/0001047469-15-002836-index.html","Ford Motor","F",37996,"Consumer Discretionary"
"http://www.sec.gov/Archives/edgar/data/831259/0001193125-14-167090-index.html","http://www.sec.gov/Archives/edgar/data/831259/0001193125-15-147867-index.html","Freeport-McMoran Cp & Gld","FCX",831259,"Materials"
"http://www.sec.gov/Archives/edgar/data/1031296/0001193125-14-125083-index.html","http://www.sec.gov/Archives/edgar/data/1031296/0001193125-15-115212-index.html","FirstEnergy Corp","FE",1031296,"Utilities"
"http://www.sec.gov/Archives/edgar/data/1136893/0001193125-14-147644-index.html","http://www.sec.gov/Archives/edgar/data/1136893/0001193125-15-134536-index.html","Fidelity National Information Services","FIS",1136893,"Information Technology"
"http://www.sec.gov/Archives/edgar/data/798354/0001193125-14-145828-index.html","http://www.sec.gov/Archives/edgar/data/798354/0001193125-15-119985-index.html","Fiserv Inc","FISV",798354,"Information Technology"
"http://www.sec.gov/Archives/edgar/data/35527/0001193125-14-086549-index.html","http://www.sec.gov/Archives/edgar/data/35527/0001193125-15-078874-index.html","Fifth Third Bancorp","FITB",35527,"Financials"
"http://www.sec.gov/Archives/edgar/data/20520/0000930413-14-001523-index.html","http://www.sec.gov/Archives/edgar/data/20520/0000930413-15-001618-index.html","Frontier Communications","FTR",20520,"Telecommunications Services"
"http://www.sec.gov/Archives/edgar/data/40533/0001193125-14-103696-index.html","http://www.sec.gov/Archives/edgar/data/40533/0001193125-15-100185-index.html","General Dynamics","GD",40533,"Industrials"
"http://www.sec.gov/Archives/edgar/data/40545/0001206774-14-000746-index.html","http://www.sec.gov/Archives/edgar/data/40545/0001206774-15-000847-index.html","General Electric","GE",40545,"Industrials"
"http://www.sec.gov/Archives/edgar/data/882095/0001193125-14-112507-index.html","http://www.sec.gov/Archives/edgar/data/882095/0001193125-15-108834-index.html","Gilead Sciences","GILD",882095,"Health Care"
"http://www.sec.gov/Archives/edgar/data/24741/0001308179-14-000058-index.html","http://www.sec.gov/Archives/edgar/data/24741/0001206774-15-000912-index.html","Corning Inc.","GLW",24741,"Industrials"
"http://www.sec.gov/Archives/edgar/data/1288776/0001308179-14-000114-index.html","http://www.sec.gov/Archives/edgar/data/1288776/0001308179-15-000157-index.html","Alphabet Inc Class C","GOOGL",1288776,"Information Technology"
"http://www.sec.gov/Archives/edgar/data/1288776/0001308179-14-000114-index.html","http://www.sec.gov/Archives/edgar/data/1288776/0001308179-15-000157-index.html","Alphabet Inc Class C","GOOG",1288776,"Information Technology"
"http://www.sec.gov/Archives/edgar/data/886982/0001193125-14-131134-index.html","http://www.sec.gov/Archives/edgar/data/886982/0001193125-15-125238-index.html","Goldman Sachs Group","GS",886982,"Financials"
"http://www.sec.gov/Archives/edgar/data/42582/0001193125-14-099083-index.html","http://www.sec.gov/Archives/edgar/data/42582/0001193125-15-090198-index.html","Goodyear Tire & Rubber","GT",42582,"Consumer Discretionary"
"http://www.sec.gov/Archives/edgar/data/45012/0001308179-14-000142-index.html","http://www.sec.gov/Archives/edgar/data/45012/0001308179-15-000113-index.html","Halliburton Co.","HAL",45012,"Energy"
"http://www.sec.gov/Archives/edgar/data/800459/0001193125-14-378076-index.html","http://www.sec.gov/Archives/edgar/data/800459/0001193125-15-356282-index.htm","Harman Int'l Industries","HAR",800459,"Consumer Discretionary"
"http://www.sec.gov/Archives/edgar/data/49196/0001193125-14-086539-index.html","http://www.sec.gov/Archives/edgar/data/49196/0001193125-15-088324-index.html","Huntington Bancshares","HBAN",49196,"Financials"
"http://www.sec.gov/Archives/edgar/data/874766/0001308179-14-000156-index.html","http://www.sec.gov/Archives/edgar/data/874766/0001206774-15-001206-index.html","Hartford Financial Svc.Gp.","HIG",874766,"Financials"
"http://www.sec.gov/Archives/edgar/data/793952/0000793952-14-000009-index.html","http://www.sec.gov/Archives/edgar/data/793952/0000793952-15-000015-index.html","Harley-Davidson","HOG",793952,"Consumer Discretionary"
"http://www.sec.gov/Archives/edgar/data/773840/0000930413-14-001263-index.html","http://www.sec.gov/Archives/edgar/data/773840/0000930413-15-001172-index.html","Honeywell Int'l Inc.","HON",773840,"Industrials"
"http://www.sec.gov/Archives/edgar/data/316206/0001193125-14-103244-index.html","http://www.sec.gov/Archives/edgar/data/316206/0001193125-15-134098-index.html","Starwood Hotels & Resorts","HOT",316206,"Consumer Discretionary"
"http://www.sec.gov/Archives/edgar/data/46765/0001047469-14-000246-index.html","http://www.sec.gov/Archives/edgar/data/46765/0001047469-15-000301-index.html","Helmerich & Payne","HP",46765,"Energy"
"http://www.sec.gov/Archives/edgar/data/47111/0001193125-14-103494-index.html","http://www.sec.gov/Archives/edgar/data/47111/0001193125-15-094714-index.html","The Hershey Company","HSY",47111,"Consumer Staples"
"http://www.sec.gov/Archives/edgar/data/49071/0001193125-14-090547-index.html","http://www.sec.gov/Archives/edgar/data/49071/0001193125-15-079975-index.html","Humana Inc.","HUM",49071,"Health Care"
"http://www.sec.gov/Archives/edgar/data/51143/0001104659-14-017899-index.html","http://www.sec.gov/Archives/edgar/data/51143/0001104659-15-018205-index.html","International Bus. Machines","IBM",51143,"Information Technology"
"http://www.sec.gov/Archives/edgar/data/51434/0001193125-14-138690-index.html","http://www.sec.gov/Archives/edgar/data/51434/0001193125-15-124204-index.html","International Paper","IP",51434,"Materials"
"http://www.sec.gov/Archives/edgar/data/1043604/0001206774-14-001173-index.html","http://www.sec.gov/Archives/edgar/data/1043604/0001206774-15-001190-index.html","Juniper Networks","JNPR",1043604,"Information Technology"
"http://www.sec.gov/Archives/edgar/data/55067/0001193125-14-093745-index.html","http://www.sec.gov/Archives/edgar/data/55067/0001193125-15-078970-index.html","Kellogg Co.","K",55067,"Consumer Staples"
"http://www.sec.gov/Archives/edgar/data/879101/0001206774-14-000988-index.html","http://www.sec.gov/Archives/edgar/data/879101/0001206774-15-000953-index.html","Kimco Realty","KIM",879101,"Financials"
"http://www.sec.gov/Archives/edgar/data/319201/000119312513380079/0001193125-13-380079-index.htm","http://www.sec.gov/Archives/edgar/data/319201/0001193125-14-353138-index.html","KLA-Tencor Corp.","KLAC",319201,"Information Technology"
"http://www.sec.gov/Archives/edgar/data/55785/0001206774-14-000819-index.html","http://www.sec.gov/Archives/edgar/data/55785/0001206774-15-000834-index.html","Kimberly-Clark","KMB",55785,"Consumer Staples"
"http://www.sec.gov/Archives/edgar/data/21344/0001308179-14-000049-index.html","http://www.sec.gov/Archives/edgar/data/21344/0001308179-15-000041-index.html","The Coca Cola Company","KO",21344,"Consumer Staples"
"http://www.sec.gov/Archives/edgar/data/56873/0001206774-14-001624-index.html","http://www.sec.gov/Archives/edgar/data/56873/0001206774-15-001665-index.html","Kroger Co.","KR",56873,"Consumer Staples"
"http://www.sec.gov/Archives/edgar/data/885639/0001193125-14-111392-index.html","http://www.sec.gov/Archives/edgar/data/885639/0001193125-15-110272-index.html","Kohl's Corp.","KSS",885639,"Consumer Discretionary"
"http://www.sec.gov/Archives/edgar/data/60086/0000060086-14-000006-index.html","http://www.sec.gov/Archives/edgar/data/60086/0001193125-15-111975-index.html","Loews Corp.","L",60086,"Financials"
"http://www.sec.gov/Archives/edgar/data/58492/0001571049-14-000922-index.html","http://www.sec.gov/Archives/edgar/data/58492/0001571049-15-002282-index.html","Leggett & Platt","LEG",58492,"Industrials"
"http://www.sec.gov/Archives/edgar/data/920760/0001193125-14-071159-index.html","http://www.sec.gov/Archives/edgar/data/920760/0001193125-15-059136-index.html","Lennar Corp.","LEN",920760,"Consumer Discretionary"
"http://www.sec.gov/Archives/edgar/data/920148/0001308179-14-000127-index.html","http://www.sec.gov/Archives/edgar/data/920148/0001308179-15-000109-index.html","Laboratory Corp. of America Holding","LH",920148,"Health Care"
"http://www.sec.gov/Archives/edgar/data/1056239/0001193125-14-112472-index.html","http://www.sec.gov/Archives/edgar/data/1056239/0001193125-15-102420-index.html","L-3 Communications Holdings","LLL",1056239,"Industrials"
"http://www.sec.gov/Archives/edgar/data/791907/000120677413003334/lineartech_def14a.htm","http://www.sec.gov/Archives/edgar/data/791907/000120677414002925/linear_def14a.htm","Linear Technology Corp.","LLTC",791907,"Information Technology"
"http://www.sec.gov/Archives/edgar/data/704051/0001193125-14-240355-index.html","http://www.sec.gov/Archives/edgar/data/704051/0001308179-15-000173-index.html","Legg Mason","LM",704051,"Financials"
"http://www.sec.gov/Archives/edgar/data/794367/0000794367-14-000073-index.html","http://www.sec.gov/Archives/edgar/data/794367/0000794367-15-000075-index.html","Macy's Inc.","M",794367,"Consumer Discretionary"
"http://www.sec.gov/Archives/edgar/data/1048286/0001193125-14-131393-index.html","http://www.sec.gov/Archives/edgar/data/1048286/0001193125-15-120819-index.html","Marriott Int'l.","MAR",1048286,"Consumer Discretionary"
"http://www.sec.gov/Archives/edgar/data/927653/000130817913000277/lmckesson_def14a.htm","http://www.sec.gov/Archives/edgar/data/927653/0001193125-15-222432-index.html","McKesson Corp.","MCK",927653,"Health Care"
"http://www.sec.gov/Archives/edgar/data/1059556/0001193125-14-083822-index.html","http://www.sec.gov/Archives/edgar/data/1059556/0001193125-15-076520-index.html","Moody's Corp","MCO",1059556,"Financials"
"http://www.sec.gov/Archives/edgar/data/1099219/0001193125-14-113368-index.html","http://www.sec.gov/Archives/edgar/data/1099219/0001193125-15-101712-index.html","MetLife Inc.","MET",1099219,"Financials"
"http://www.sec.gov/Archives/edgar/data/64040/0001193125-14-105562-index.html","http://www.sec.gov/Archives/edgar/data/64040/0001193125-15-096277-index.html","McGraw Hill Financial","MHFI",64040,"Financials"
"http://www.sec.gov/Archives/edgar/data/63754/0001308179-14-000036-index.html","http://www.sec.gov/Archives/edgar/data/63754/0001308179-15-000021-index.html","McCormick & Co.","MKC",63754,"Consumer Staples"
"http://www.sec.gov/Archives/edgar/data/66740/0001047469-14-002977-index.html","http://edgar.sec.gov/Archives/edgar/data/66740/000104746915002717/0001047469-15-002717-index.htm","3M Company","MMM",66740,"Industrials"
"http://www.sec.gov/Archives/edgar/data/764180/0001193125-14-128947-index.html","http://www.sec.gov/Archives/edgar/data/764180/0001193125-15-123580-index.html","Altria Group Inc","MO",764180,"Consumer Staples"
"http://www.sec.gov/Archives/edgar/data/1110783/000119312513466794/0001193125-13-466794-index.htm","http://www.sec.gov/Archives/edgar/data/1110783/0001193125-14-438444-index.html","Monsanto Co.","MON",1110783,"Materials"
"http://www.sec.gov/Archives/edgar/data/310158/0001308179-14-000167-index.html","http://www.sec.gov/Archives/edgar/data/310158/0001308179-15-000131-index.html","Merck & Co.","MRK",310158,"Health Care"
"http://www.sec.gov/Archives/edgar/data/895421/0001193125-14-121355-index.html","http://www.sec.gov/Archives/edgar/data/895421/0001193125-15-116077-index.html","Morgan Stanley","MS",895421,"Financials"
"http://www.sec.gov/Archives/edgar/data/68505/0001193125-14-107226-index.html","http://www.sec.gov/Archives/edgar/data/68505/0001193125-15-112953-index.html","Motorola Solutions Inc.","MSI",68505,"Information Technology"
"http://www.sec.gov/Archives/edgar/data/36270/0001193125-14-085781-index.html","http://www.sec.gov/Archives/edgar/data/36270/0001193125-15-077720-index.html","M&T Bank Corp.","MTB",36270,"Financials"
"http://www.sec.gov/Archives/edgar/data/717423/0001193125-14-108752-index.html","http://www.sec.gov/Archives/edgar/data/717423/0001193125-15-107786-index.html","Murphy Oil","MUR",717423,"Energy"
"http://www.sec.gov/Archives/edgar/data/69499/0001193125-14-091787-index.html","http://www.sec.gov/Archives/edgar/data/1623613/0001193125-15-397044-index.htm","Mylan N.V.","MYL",69499,"Health Care"
"http://www.sec.gov/Archives/edgar/data/1111711/0001193125-14-130563-index.html","http://www.sec.gov/Archives/edgar/data/1111711/0001193125-15-120757-index.html","NiSource Inc.","NI",1111711,"Utilities"
"http://www.sec.gov/Archives/edgar/data/1021860/0001193125-14-138559-index.html","http://www.sec.gov/Archives/edgar/data/1021860/0001193125-15-125995-index.html","National Oilwell Varco Inc.","NOV",1021860,"Energy"
"http://www.sec.gov/Archives/edgar/data/702165/0001193125-14-106409-index.html","http://www.sec.gov/Archives/edgar/data/702165/0001206774-15-000996-index.html","Norfolk Southern Corp.","NSC",702165,"Industrials"
"http://www.sec.gov/Archives/edgar/data/1002047/000119312513317329/d519624ddef14a.htm","http://www.sec.gov/Archives/edgar/data/1002047/000119312514280484/d691163ddef14a.htm","NetApp","NTAP",1002047,"Information Technology"
"http://www.sec.gov/Archives/edgar/data/73124/0001193125-14-082564-index.html","http://www.sec.gov/Archives/edgar/data/73124/0001193125-15-085454-index.html","Northern Trust Corp.","NTRS",73124,"Financials"
"http://www.sec.gov/Archives/edgar/data/1045810/0001045810-14-000059-index.html","http://www.sec.gov/Archives/edgar/data/1045810/0001045810-15-000067-index.html","Nvidia Corporation","NVDA",1045810,"Information Technology"
"http://www.sec.gov/Archives/edgar/data/29989/0000891092-14-003028-index.html","http://www.sec.gov/Archives/edgar/data/29989/0000891092-15-003125-index.html","Omnicom Group","OMC",29989,"Consumer Discretionary"
"http://www.sec.gov/Archives/edgar/data/723531/000072353113000025/a2013proxystatement.htm","http://www.sec.gov/Archives/edgar/data/723531/000119312514336266/d731259ddef14a.htm","Paychex Inc.","PAYX",723531,"Information Technology"
"http://www.sec.gov/Archives/edgar/data/78814/0000930413-14-001458-index.html","http://www.sec.gov/Archives/edgar/data/78814/0000930413-15-001485-index.html","Pitney-Bowes","PBI",78814,"Industrials"
"http://www.sec.gov/Archives/edgar/data/849213/0000849213-14-000013-index.html","http://www.sec.gov/Archives/edgar/data/849213/0000849213-15-000055-index.html","Plum Creek Timber Co.","PCL",849213,"Financials"
"http://www.sec.gov/Archives/edgar/data/891024/000119312513320613/d572203ddef14a.htm","http://www.sec.gov/Archives/edgar/data/891024/0001193125-14-294403-index.html","Patterson Companies","PDCO",891024,"Health Care"
"http://www.sec.gov/Archives/edgar/data/788784/0001193125-14-090909-index.html","http://www.sec.gov/Archives/edgar/data/788784/0001193125-15-083084-index.html","Public Serv. Enterprise Inc.","PEG",788784,"Utilities"
"http://www.sec.gov/Archives/edgar/data/77476/0001193125-14-110415-index.html","http://www.sec.gov/Archives/edgar/data/77476/0001193125-15-105152-index.html","PepsiCo Inc.","PEP",77476,"Consumer Staples"
"http://www.sec.gov/Archives/edgar/data/78003/0000930413-14-001277-index.html","http://www.sec.gov/Archives/edgar/data/78003/0000930413-15-001197-index.html","Pfizer Inc.","PFE",78003,"Health Care"
"http://www.sec.gov/Archives/edgar/data/1126328/0001047469-14-003515-index.html","http://www.sec.gov/Archives/edgar/data/1126328/0001047469-15-003285-index.html","Principal Financial Group","PFG",1126328,"Financials"
"http://www.sec.gov/Archives/edgar/data/80424/000119312513344447/d553217ddef14a.htm","http://www.sec.gov/Archives/edgar/data/80424/0001193125-14-326089-index.html","Procter & Gamble","PG",80424,"Consumer Staples"
"http://www.sec.gov/Archives/edgar/data/80661/0001193125-14-110170-index.html","http://www.sec.gov/Archives/edgar/data/80661/0001193125-15-108728-index.html","Progressive Corp.","PGR",80661,"Financials"
"http://www.sec.gov/Archives/edgar/data/1045609/0001193125-14-100240-index.html","http://www.sec.gov/Archives/edgar/data/1045609/0001193125-15-087218-index.html","Prologis","PLD",1045609,"Financials"
"http://www.sec.gov/Archives/edgar/data/764622/0001047469-14-003420-index.html","http://www.sec.gov/Archives/edgar/data/764622/0001047469-15-003121-index.html","Pinnacle West Capital","PNW",764622,"Utilities"
"http://www.sec.gov/Archives/edgar/data/79879/0000079879-14-000012-index.html","http://www.sec.gov/Archives/edgar/data/79879/0001047469-15-001688-index.html","PPG Industries","PPG",79879,"Materials"
"http://www.sec.gov/Archives/edgar/data/922224/0001193125-14-135676-index.html","http://www.sec.gov/Archives/edgar/data/922224/0001193125-15-124297-index.html","PPL Corp.","PPL",922224,"Utilities"
"http://www.sec.gov/Archives/edgar/data/1137774/0001193125-14-114368-index.html","http://www.sec.gov/Archives/edgar/data/1137774/0001193125-15-103246-index.html","Prudential Financial","PRU",1137774,"Financials"
"http://www.sec.gov/Archives/edgar/data/1393311/0001193125-14-094191-index.html","http://www.sec.gov/Archives/edgar/data/1393311/0001193125-15-098900-index.html","Public Storage","PSA",1393311,"Financials"
"http://www.sec.gov/Archives/edgar/data/804328/0001193125-14-013182-index.html","http://www.sec.gov/Archives/edgar/data/804328/0001234452-15-000011-index.html","QUALCOMM Inc.","QCOM",804328,"Information Technology"
"http://www.sec.gov/Archives/edgar/data/1275283/0001193125-14-109692-index.html","http://www.sec.gov/Archives/edgar/data/1275283/0001193125-15-099515-index.html","Reynolds American Inc.","RAI",1275283,"Consumer Staples"
"http://www.sec.gov/Archives/edgar/data/1281761/0001193125-14-093948-index.html","http://www.sec.gov/Archives/edgar/data/1281761/0001193125-15-085528-index.html","Regions Financial Corp.","RF",1281761,"Financials"
"http://www.sec.gov/Archives/edgar/data/315213/0001193125-14-152270-index.html","http://www.sec.gov/Archives/edgar/data/315213/0001193125-15-139757-index.html","Robert Half International","RHI",315213,"Industrials"
"http://www.sec.gov/Archives/edgar/data/1024478/000130817913000330/0001308179-13-000330-index.htm","http://www.sec.gov/Archives/edgar/data/1024478/0001308179-14-000294-index.html","Rockwell Automation Inc.","ROK",1024478,"Industrials"
"http://www.sec.gov/Archives/edgar/data/1047122/0001047122-14-000064-index.html","http://www.sec.gov/Archives/edgar/data/1047122/0001193125-15-149763-index.html","Raytheon Co.","RTN",1047122,"Industrials"
"http://www.sec.gov/Archives/edgar/data/829224/0001206774-14-000304-index.html","http://www.sec.gov/Archives/edgar/data/829224/0001206774-15-000266-index.html","Starbucks Corp.","SBUX",829224,"Consumer Discretionary"
"http://www.sec.gov/Archives/edgar/data/316709/0001193125-14-120594-index.html","http://www.sec.gov/Archives/edgar/data/316709/0001193125-15-108673-index.html","Charles Schwab Corporation","SCHW",316709,"Financials"
"http://www.sec.gov/Archives/edgar/data/1373835/0001193125-14-086204-index.html","http://www.sec.gov/Archives/edgar/data/1373835/0001193125-15-098689-index.html","Spectra Energy Corp.","SE",1373835,"Energy"
"http://www.sec.gov/Archives/edgar/data/1012100/0001193125-14-139454-index.html","http://www.sec.gov/Archives/edgar/data/1012100/0001193125-15-117069-index.html","Sealed Air Corp.(New)","SEE",1012100,"Materials"
"http://www.sec.gov/Archives/edgar/data/1000180/0001047469-14-004264-index.html","http://www.sec.gov/Archives/edgar/data/1000180/0001047469-15-003972-index.html","SanDisk Corporation","SNDK",1000180,"Information Technology"
"http://www.sec.gov/Archives/edgar/data/92122/0000092122-14-000018-index.html","http://www.sec.gov/Archives/edgar/data/92122/0001193125-15-126256-index.html","Southern Co.","SO",92122,"Utilities"
"http://www.sec.gov/Archives/edgar/data/1063761/0001047469-14-003651-index.html","http://www.sec.gov/Archives/edgar/data/1063761/0001047469-15-003162-index.html","Simon Property Group Inc","SPG",1063761,"Financials"
"http://www.sec.gov/Archives/edgar/data/791519/0000791519-14-000049-index.html","http://www.sec.gov/Archives/edgar/data/791519/0001206774-15-001249-index.html","Staples Inc.","SPLS",791519,"Consumer Discretionary"
"http://www.sec.gov/Archives/edgar/data/1032208/0001193125-14-106712-index.html","http://www.sec.gov/Archives/edgar/data/1032208/0001193125-15-106479-index.html","Sempra Energy","SRE",1032208,"Utilities"
"http://www.sec.gov/Archives/edgar/data/93751/0001193125-14-129878-index.html","http://www.sec.gov/Archives/edgar/data/93751/0001193125-15-119968-index.html","State Street Corp.","STT",93751,"Financials"
"http://www.sec.gov/Archives/edgar/data/16918/000119312513258961/d542741ddef14a.htm","http://www.sec.gov/Archives/edgar/data/16918/0001193125-15-221633-index.html","Constellation Brands","STZ",16918,"Consumer Staples"
"http://www.sec.gov/Archives/edgar/data/310764/0000310764-14-000058-index.html","http://www.sec.gov/Archives/edgar/data/310764/0000310764-15-000046-index.html","Stryker Corp.","SYK",310764,"Health Care"
"http://www.sec.gov/Archives/edgar/data/849399/000119312513351825/d581559ddef14a.htm","http://www.sec.gov/Archives/edgar/data/849399/000119312514332219/d752161ddef14a.htm","Symantec Corp.","SYMC",849399,"Information Technology"
"http://www.sec.gov/Archives/edgar/data/350563/0001193125-14-094815-index.html","http://www.sec.gov/Archives/edgar/data/350563/0001193125-15-086520-index.html","TECO Energy","TE",350563,"Utilities"
"http://www.sec.gov/Archives/edgar/data/98246/0000098246-14-000122-index.html","http://www.sec.gov/Archives/edgar/data/98246/0000098246-15-000075-index.html","Tiffany & Co.","TIF",98246,"Consumer Discretionary"
"http://www.sec.gov/Archives/edgar/data/97745/0001193125-14-134494-index.html","http://www.sec.gov/Archives/edgar/data/97745/0001193125-15-120732-index.html","Thermo Fisher Scientific","TMO",97745,"Health Care"
"http://www.sec.gov/Archives/edgar/data/1113169/0001113169-14-000010-index.html","http://www.sec.gov/Archives/edgar/data/1113169/0001113169-15-000012-index.html","T. Rowe Price Group","TROW",1113169,"Financials"
"http://www.sec.gov/Archives/edgar/data/86312/0001104659-14-027287-index.html","http://www.sec.gov/Archives/edgar/data/86312/0001104659-15-025716-index.html","The Travelers Companies Inc.","TRV",86312,"Financials"
"http://www.sec.gov/Archives/edgar/data/100493/000010049313000118/a2013yearend-proxystatement.htm","http://www.sec.gov/Archives/edgar/data/100493/0000100493-14-000252-index.html","Tyson Foods","TSN",100493,"Consumer Staples"
"http://www.sec.gov/Archives/edgar/data/1105705/0001206774-14-001297-index.html","http://www.sec.gov/Archives/edgar/data/1105705/0001193125-15-146682-index.html","Time Warner Inc.","TWX",1105705,"Consumer Discretionary"
"http://www.sec.gov/Archives/edgar/data/97476/0001206774-14-000704-index.html","http://www.sec.gov/Archives/edgar/data/97476/0001206774-15-000735-index.html","Texas Instruments","TXN",97476,"Information Technology"
"http://www.sec.gov/Archives/edgar/data/100885/0001193125-14-125629-index.html","http://www.sec.gov/Archives/edgar/data/100885/0001193125-15-116154-index.html","Union Pacific","UNP",100885,"Industrials"
"http://www.sec.gov/Archives/edgar/data/1090727/0001047469-14-002525-index.html","http://www.sec.gov/Archives/edgar/data/1090727/0001206774-15-000965-index.html","United Parcel Service","UPS",1090727,"Industrials"
"http://www.sec.gov/Archives/edgar/data/36104/0001047469-14-001755-index.html","http://www.sec.gov/Archives/edgar/data/36104/0001047469-15-002061-index.html","U.S. Bancorp","USB",36104,"Financials"
"http://www.sec.gov/Archives/edgar/data/101829/0001193125-14-100280-index.html","http://www.sec.gov/Archives/edgar/data/101829/0000930413-15-001219-index.html","United Technologies","UTX",101829,"Industrials"
"http://www.sec.gov/Archives/edgar/data/1339947/0001193125-14-020497-index.html","http://www.sec.gov/Archives/edgar/data/1339947/0001193125-15-018959-index.html","Viacom Inc.","VIAB",1339947,"Consumer Discretionary"
"http://www.sec.gov/Archives/edgar/data/1035002/0001035002-14-000012-index.html","http://www.sec.gov/Archives/edgar/data/1035002/0001035002-15-000015-index.html","Valero Energy","VLO",1035002,"Energy"
"http://www.sec.gov/Archives/edgar/data/1396009/0001193125-14-120199-index.html","http://www.sec.gov/Archives/edgar/data/1396009/0001193125-15-108400-index.html","Vulcan Materials","VMC",1396009,"Materials"
"http://www.sec.gov/Archives/edgar/data/899689/0001047469-14-003720-index.html","http://www.sec.gov/Archives/edgar/data/899689/0001047469-15-003360-index.html","Vornado Realty Trust","VNO",899689,"Financials"
"http://www.sec.gov/Archives/edgar/data/1014473/0001014473-14-000018-index.html","http://www.sec.gov/Archives/edgar/data/1014473/0001014473-15-000039-index.html","Verisign Inc.","VRSN",1014473,"Information Technology"
"http://www.sec.gov/Archives/edgar/data/1000697/0001193125-14-130837-index.html","http://www.sec.gov/Archives/edgar/data/1000697/0001193125-15-115225-index.html","Waters Corporation","WAT",1000697,"Health Care"
"http://www.sec.gov/Archives/edgar/data/865436/0001206774-14-000090-index.html","http://edgar.sec.gov/Archives/edgar/data/865436/000120677415002458/0001206774-15-002458-index.htm","Whole Foods Market","WFM",865436,"Consumer Staples"
"http://www.sec.gov/Archives/edgar/data/106640/0000106640-14-000013-index.html","http://www.sec.gov/Archives/edgar/data/106640/0000106640-15-000020-index.html","Whirlpool Corp.","WHR",106640,"Consumer Discretionary"
"http://www.sec.gov/Archives/edgar/data/823768/0001193125-14-117620-index.html","http://www.sec.gov/Archives/edgar/data/823768/0001193125-15-106164-index.html","Waste Management Inc.","WM",823768,"Industrials"
"http://www.sec.gov/Archives/edgar/data/1159297/000119312514115807/0001193125-14-115807-index.htm","","Westrock Co","WRK",1159297,"Materials"
"http://www.sec.gov/Archives/edgar/data/1365135/0001206774-14-001119-index.html","http://www.sec.gov/Archives/edgar/data/1365135/0001206774-15-001111-index.html","Western Union Co","WU",1365135,"Information Technology"
"http://www.sec.gov/Archives/edgar/data/106535/0001193125-14-065372-index.html","http://www.sec.gov/Archives/edgar/data/106535/0001193125-15-115939-index.html","Weyerhaeuser Corp.","WY",106535,"Financials"
"http://www.sec.gov/Archives/edgar/data/1361658/0001047469-14-003429-index.html","http://www.sec.gov/Archives/edgar/data/1361658/0001047469-15-003132-index.html","Wyndham Worldwide","WYN",1361658,"Consumer Discretionary"
"http://www.sec.gov/Archives/edgar/data/72903/0001193125-14-133592-index.html","http://www.sec.gov/Archives/edgar/data/72903/0001193125-15-120106-index.html","Xcel Energy Inc","XEL",72903,"Utilities"
"http://www.sec.gov/Archives/edgar/data/875159/0000875159-14-000022-index.html","http://www.sec.gov/Archives/edgar/data/875159/0000875159-15-000021-index.html","XL Capital","XL",875159,"Financials"
"http://www.sec.gov/Archives/edgar/data/743988/000074398813000022/xlnx2013def14a.htm","http://www.sec.gov/Archives/edgar/data/743988/0000743988-15-000028-index.html","Xilinx Inc","XLNX",743988,"Information Technology"
"http://www.sec.gov/Archives/edgar/data/34088/0001193125-14-139818-index.html","http://www.sec.gov/Archives/edgar/data/34088/0001193125-15-128602-index.html","Exxon Mobil Corp.","XOM",34088,"Energy"
"http://www.sec.gov/Archives/edgar/data/108772/0001206774-14-001155-index.html","http://www.sec.gov/Archives/edgar/data/108772/0001145443-15-000520-index.html","Xerox Corp.","XRX",108772,"Information Technology"
"http://www.sec.gov/Archives/edgar/data/1011006/0001193125-14-172132-index.html","http://www.sec.gov/Archives/edgar/data/1011006/0001193125-15-156926-index.html","Yahoo Inc.","YHOO",1011006,"Information Technology"
"http://www.sec.gov/Archives/edgar/data/1041061/0001308179-14-000078-index.html","http://www.sec.gov/Archives/edgar/data/1041061/0001047469-15-002523-index.html","Yum! Brands Inc","YUM",1041061,"Consumer Discretionary"
"http://www.sec.gov/Archives/edgar/data/1136869/0001193125-14-112467-index.html","http://www.sec.gov/Archives/edgar/data/1136869/0001193125-15-101789-index.html","Zimmer Biomet Holdings","ZBH",1136869,"Health Care"
"http://www.sec.gov/Archives/edgar/data/109380/0000109380-14-000060-index.html","http://www.sec.gov/Archives/edgar/data/109380/0000109380-15-000086-index.html","Zions Bancorp","ZION",109380,"Financials"
